Date,Open Price,High Price,Low Price,Close Price,Adj Close Price,Volume
10/2/2006,10.728572,10.838572,10.614285,10.694285,9.283074,178159800
10/3/2006,10.635715,10.707143,10.455714,10.582857,9.186352,197677200
10/4/2006,10.585714,10.78,10.451428,10.768572,9.347562,207270700
10/5/2006,10.647142,10.88,10.59,10.69,9.279355,170970800
10/6/2006,10.631429,10.72,10.544286,10.602858,9.203714,116739700
10/9/2006,10.542857,10.725715,10.504286,10.661428,9.254555,109555600
10/10/2006,10.648571,10.654285,10.44,10.544286,9.152871,132897100
10/11/2006,10.488571,10.568571,10.371428,10.461429,9.080947,142963800
10/12/2006,10.515715,10.77,10.514286,10.751429,9.332678,148213800
10/13/2006,10.804286,10.982857,10.677143,10.717143,9.302917,171049200
10/16/2006,10.741428,10.84,10.684286,10.771428,9.35004,127173200
10/17/2006,10.72,10.752857,10.577143,10.612857,9.212393,120231300
10/18/2006,10.678572,10.767143,10.558572,10.647142,9.242153,283476900
10/19/2006,11.322857,11.421429,11.165714,11.284286,9.795221,378244300
10/20/2006,11.281428,11.427143,11.238571,11.421429,9.914266,159853400
10/23/2006,11.427143,11.7,11.392858,11.637143,10.101514,208126800
10/24/2006,11.601429,11.668571,11.457143,11.578571,10.050671,115803100
10/25/2006,11.621428,11.714286,11.572857,11.668571,10.128796,121303700
10/26/2006,11.7,11.8,11.59,11.741428,10.192039,108189200
10/27/2006,11.678572,11.778571,11.43,11.487143,9.971312,148741600
10/30/2006,11.427143,11.557143,11.357142,11.488571,9.972548,124979400
10/31/2006,11.635715,11.668571,11.461429,11.582857,10.054392,125368600
11/1/2006,11.585714,11.625714,11.194285,11.308572,9.816303,152798100
11/2/2006,11.274285,11.331429,11.214286,11.282857,9.793979,116370800
11/3/2006,11.337143,11.361428,11.112857,11.184286,9.708418,107972200
11/6/2006,11.278571,11.437143,11.204286,11.387143,9.884504,108644200
11/7/2006,11.492857,11.571428,11.447143,11.501429,9.98371,131483100
11/8/2006,11.431429,11.812857,11.412857,11.778571,10.224279,172729200
11/9/2006,11.842857,12.098572,11.731428,11.905714,10.334646,230763400
11/10/2006,11.935715,11.942857,11.785714,11.874286,10.307364,93466100
11/13/2006,11.888572,12.064285,11.805715,12.05,10.45989,112668500
11/14/2006,12.114285,12.142858,11.985714,12.142858,10.540496,147238700
11/15/2006,12.15,12.271428,12,12.007143,10.42269,163830800
11/16/2006,12.124286,12.328571,12.088572,12.23,10.616138,173485200
11/17/2006,12.162857,12.277143,12.142858,12.264286,10.6459,116606000
11/20/2006,12.2,12.428572,12.171429,12.352858,10.722786,142698500
11/21/2006,12.488571,12.657143,12.444285,12.657143,10.986916,155666700
11/22/2006,12.712857,12.964286,12.55,12.901428,11.198967,167985300
11/24/2006,12.79,13.297143,12.785714,13.09,11.362655,129669400
11/27/2006,13.215714,13.308572,12.785714,12.791429,11.10348,268709000
11/28/2006,12.908571,13.138572,12.844286,13.115714,11.384974,259043400
11/29/2006,13.285714,13.307143,12.892858,13.114285,11.383736,289270800
11/30/2006,13.172857,13.24,13.008572,13.094286,11.366376,217621600
12/1/2006,13.114285,13.19,12.871428,13.045714,11.324213,198769900
12/4/2006,13.125714,13.15,12.928572,13.017143,11.299412,177384200
12/5/2006,13.092857,13.19,12.981428,13.038571,11.318015,165709600
12/6/2006,12.948571,13.055715,12.81,12.832857,11.139446,159546100
12/7/2006,12.861428,12.928572,12.414286,12.434286,10.793468,251206900
12/8/2006,12.461429,12.77,12.428572,12.608571,10.944755,196069300
12/11/2006,12.7,12.757143,12.578571,12.678572,11.005518,124945100
12/12/2006,12.658571,12.691428,12.218572,12.305715,10.681864,256655000
12/13/2006,12.564285,12.724286,12.45,12.721429,11.04272,214263000
12/14/2006,12.721429,12.857142,12.608571,12.65,10.980717,208082700
12/15/2006,12.717143,12.745714,12.475715,12.531428,10.877792,184984800
12/18/2006,12.518572,12.571428,12.084286,12.21,10.598778,180394200
12/19/2006,12.104285,12.382857,11.945714,12.33,10.702941,227851400
12/20/2006,12.352858,12.381429,12.105714,12.108571,10.510736,141922900
12/21/2006,12.1,12.211429,11.742857,11.842857,10.280086,225899800
12/22/2006,11.922857,12.005714,11.657143,11.742857,10.19328,153325900
12/26/2006,11.735714,11.795714,11.555715,11.644286,10.107717,122672200
12/27/2006,11.164286,11.714286,10.967143,11.645715,10.108955,483938700
12/28/2006,11.46,11.607142,11.378572,11.552857,10.028353,279969200
12/29/2006,11.992857,12.2,11.908571,12.12,10.520654,269107300
1/3/2007,12.327143,12.368571,11.7,11.971429,10.39169,309579900
1/4/2007,12.007143,12.278571,11.974286,12.237143,10.62234,211815100
1/5/2007,12.252857,12.314285,12.057143,12.15,10.546695,208685400
1/8/2007,12.28,12.361428,12.182858,12.21,10.598778,199276700
1/9/2007,12.35,13.282857,12.164286,13.224286,11.479221,837324600
1/10/2007,13.535714,13.971429,13.35,13.857142,12.028565,738220000
1/11/2007,13.705714,13.825714,13.585714,13.685715,11.879758,360063200
1/12/2007,13.512857,13.58,13.318571,13.517143,11.733431,328172600
1/16/2007,13.668571,13.892858,13.635715,13.871428,12.040967,311019100
1/17/2007,13.937143,13.942857,13.545714,13.564285,11.774355,411565000
1/18/2007,13.157143,13.158571,12.721429,12.724286,11.0452,591151400
1/19/2007,12.661428,12.807143,12.588572,12.642858,10.97452,341118400
1/22/2007,12.734285,12.737143,12.235714,12.398571,10.762465,363506500
1/23/2007,12.247143,12.501429,12.215714,12.242857,10.627299,301856100
1/24/2007,12.382857,12.45,12.297143,12.385715,10.751305,231953400
1/25/2007,12.444285,12.642858,12.29,12.321428,10.695503,226493400
1/26/2007,12.444285,12.481428,12.141429,12.197143,10.587619,246718500
1/29/2007,12.328571,12.378572,12.218572,12.277143,10.65706,225416100
1/30/2007,12.347143,12.355714,12.178572,12.221429,10.6087,144492600
1/31/2007,12.122857,12.285714,12.05,12.247143,10.63102,214017300
2/1/2007,12.318571,12.324286,12.105714,12.105714,10.508253,166085500
2/2/2007,12.017143,12.178572,11.957143,12.107142,10.509496,155382500
2/5/2007,12.042857,12.175714,11.991428,11.991428,10.409049,144713100
2/6/2007,12.064285,12.067142,11.837143,12.021428,10.43509,216098400
2/7/2007,12.068571,12.34,11.935715,12.307143,10.683104,266706300
2/8/2007,12.204286,12.358571,12.201428,12.311429,10.686823,169757700
2/9/2007,12.268572,12.314285,11.887143,11.895715,10.325966,215135200
2/12/2007,12.061429,12.168571,11.947143,12.125714,10.525616,181017900
2/13/2007,12.165714,12.184286,12.042857,12.1,10.503294,145246500
2/14/2007,12.09,12.234285,12.081429,12.185715,10.577699,126995400
2/15/2007,12.205714,12.231428,12.111428,12.172857,10.566536,90915300
2/16/2007,12.178572,12.201428,12.094286,12.118571,10.519417,99967000
2/20/2007,12.092857,12.308572,12.022857,12.271428,10.6521,154425600
2/21/2007,12.282857,12.784286,12.28,12.742857,11.061319,288828400
2/22/2007,12.971429,12.972857,12.647142,12.787143,11.099763,209556200
2/23/2007,12.737143,12.905714,12.692857,12.724286,11.0452,129473400
2/26/2007,12.834286,12.857142,12.515715,12.644286,10.975756,153962200
2/27/2007,12.328571,12.44,11.915714,11.99,10.407809,286453300
2/28/2007,11.857142,12.228572,11.857142,12.087143,10.492132,229868800
3/1/2007,12.004286,12.615714,11.964286,12.437143,10.79595,353882200
3/2/2007,12.395715,12.505714,12.172857,12.201428,10.591339,215000100
3/5/2007,12.27,12.664286,12.251429,12.331429,10.704184,209724900
3/6/2007,12.542857,12.615714,12.485714,12.598572,10.936076,180796700
3/7/2007,12.578571,12.71,12.492857,12.531428,10.877792,156571100
3/8/2007,12.655714,12.674286,12.494286,12.571428,10.912515,127752800
3/9/2007,12.685715,12.692857,12.485714,12.567142,10.908791,112959000
3/12/2007,12.581429,12.855714,12.57,12.838572,11.144406,182352100
3/13/2007,12.772857,12.942857,12.628572,12.628572,10.962116,216972700
3/14/2007,12.657143,12.857142,12.56,12.857142,11.160526,199146500
3/15/2007,12.851429,12.908571,12.758572,12.795714,11.107203,139874700
3/16/2007,12.791429,12.855714,12.76,12.798572,11.109683,142926000
3/19/2007,12.891429,13.078571,12.798572,13.018572,11.300652,178240300
3/20/2007,13.05,13.12,13.008572,13.068571,11.344054,122229100
3/21/2007,13.141429,13.428572,13.092857,13.41,11.640427,171724000
3/22/2007,13.39,13.48,13.285714,13.422857,11.651587,140373100
3/23/2007,13.335714,13.438571,13.328571,13.36,11.597027,112721000
3/26/2007,13.427143,13.7,13.328571,13.692857,11.88596,216246800
3/27/2007,13.672857,13.832857,13.571428,13.637143,11.837596,233013200
3/28/2007,13.554286,13.628572,13.307143,13.32,11.562302,235584300
3/29/2007,13.455714,13.455714,13.175714,13.392858,11.625549,181430900
3/30/2007,13.468572,13.525714,13.25,13.272857,11.521381,150139500
4/2/2007,13.448571,13.464286,13.288571,13.378572,11.613148,125498100
4/3/2007,13.448571,13.604285,13.394286,13.5,11.718552,145983600
4/4/2007,13.562857,13.591429,13.447143,13.467143,11.690029,119196000
4/5/2007,13.445714,13.525714,13.36,13.525714,11.740873,88879000
4/9/2007,13.601429,13.614285,13.291429,13.378572,11.613148,103335400
4/10/2007,13.381429,13.465714,13.344286,13.464286,11.687552,88116700
4/11/2007,13.414286,13.421429,13.19,13.227143,11.481699,137254600
4/12/2007,13.148571,13.187143,12.96,13.17,11.432096,164168900
4/13/2007,12.985714,13.057143,12.865714,12.891429,11.190287,179985400
4/16/2007,12.938571,13.071428,12.892858,13.061429,11.337853,152258400
4/17/2007,13.142858,13.185715,12.814285,12.907143,11.203925,187980100
4/18/2007,12.88,12.978572,12.8,12.914286,11.210127,116011000
4/19/2007,12.884286,13.035714,12.832857,12.895715,11.194007,106478400
4/20/2007,12.984285,13.025714,12.935715,12.995714,11.280811,130694900
4/23/2007,13.084286,13.4,13.06,13.358571,11.595785,195072500
4/24/2007,13.422857,13.77,13.042857,13.32,11.562302,263813200
4/25/2007,13.461429,13.628572,13.4,13.621428,11.823957,296786000
4/26/2007,14.511429,14.642858,14.042857,14.12,12.256735,434444500
4/27/2007,14.025714,14.278571,13.955714,14.274285,12.390664,174850900
4/30/2007,14.298572,14.428572,14.238571,14.257143,12.375781,154127400
5/1/2007,14.227143,14.335714,14.078571,14.21,12.334858,133130900
5/2/2007,14.235714,14.362857,14.21,14.341429,12.448947,126286300
5/3/2007,14.39,14.492857,14.287143,14.342857,12.450185,144019400
5/4/2007,14.4,14.514286,14.357142,14.401428,12.501029,95496800
5/7/2007,14.44,14.907143,14.43,14.845715,12.886686,215389300
5/8/2007,14.781428,15.021428,14.774285,15.008572,13.028054,195999300
5/9/2007,14.987143,15.28,14.984285,15.268572,13.253741,179439400
5/10/2007,15.232857,15.548572,15.131429,15.334286,13.310785,299314400
5/11/2007,15.391429,15.59,15.254286,15.534286,13.484395,163424100
5/14/2007,15.66,15.714286,15.464286,15.622857,13.561279,162986600
5/15/2007,15.652857,15.742857,15.211429,15.36,13.333106,238628600
5/16/2007,15.504286,15.547143,14.774285,15.334286,13.310785,281691900
5/17/2007,15.307143,15.695714,15.307143,15.634286,13.571201,183822800
5/18/2007,15.747143,15.805715,15.681429,15.717143,13.643124,155336300
5/21/2007,15.758572,16.064285,15.721429,15.997143,13.886172,159973100
5/22/2007,16.07,16.25,16.001429,16.219999,14.07962,143102400
5/23/2007,16.288572,16.428572,16.084286,16.127142,13.999017,227843700
5/24/2007,16.115715,16.351429,15.767143,15.812857,13.726207,221840500
5/25/2007,16,16.254286,15.928572,16.231428,14.089542,158239900
5/29/2007,16.35,16.408571,16.098572,16.335714,14.180067,161423500
5/30/2007,16.328571,16.982857,16.218571,16.967142,14.728173,369611200
5/31/2007,17.152857,17.452858,17.077143,17.312857,15.028268,324266600
6/1/2007,17.299999,17.312857,16.898571,16.914286,14.682289,221315500
6/4/2007,16.947144,17.389999,16.842857,17.332857,15.04563,221668300
6/5/2007,17.344286,17.527143,17.214285,17.524286,15.211797,230196400
6/6/2007,17.471428,17.721428,17.421429,17.662857,15.332079,278060300
6/7/2007,17.855715,18.23,17.598572,17.724285,15.385405,478769900
6/8/2007,17.974285,17.975714,17.469999,17.784286,15.43749,310420600
6/11/2007,18,18.021429,17.077143,17.17,14.904263,468564600
6/12/2007,17.049999,17.387142,16.901428,17.197144,14.927821,356641600
6/13/2007,17.307142,17.312857,16.485714,16.785715,14.570685,430338300
6/14/2007,16.742857,17.064285,16.631428,16.964285,14.72569,243316500
6/15/2007,17.231428,17.238571,17.122858,17.214285,14.942704,202804700
6/18/2007,17.611429,17.882856,17.505714,17.870001,15.511893,227651200
6/19/2007,17.812857,17.858572,17.558571,17.665714,15.33456,235756500
6/20/2007,17.695715,17.808571,17.357143,17.364286,15.07291,224378000
6/21/2007,17.385714,17.755714,17.245714,17.700001,15.364325,216761300
6/22/2007,17.692858,17.778572,17.482857,17.571428,15.252719,157969000
6/25/2007,17.741428,17.870001,17.294285,17.477142,15.170874,241350900
6/26/2007,17.711428,17.714285,16.959999,17.092857,14.837299,336251300
6/27/2007,17.23,17.434286,17.037144,17.412857,15.115067,243674200
6/28/2007,17.48,17.498571,17.142857,17.222857,14.950144,209535900
6/29/2007,17.424286,17.714285,17.298571,17.434286,15.13367,284460400
7/2/2007,17.292856,17.441429,17.042856,17.322857,15.036945,248715600
7/3/2007,17.428572,18.200001,17.357143,18.167143,15.76982,290620400
7/5/2007,18.4,18.995714,18.384285,18.964285,16.461775,363262900
7/6/2007,19.018572,19.048571,18.628571,18.9,16.405973,218673700
7/9/2007,18.911428,18.985714,18.454287,18.618572,16.161682,248955000
7/10/2007,18.411428,19.214285,18.401428,18.907143,16.412176,313751900
7/11/2007,18.867144,19.1,18.758572,18.912857,16.417126,205443000
7/12/2007,19.121429,19.177143,18.912857,19.152857,16.625463,176152200
7/13/2007,19.290001,19.692858,19.217142,19.675714,17.079321,226901500
7/16/2007,19.77,19.997143,19.642857,19.728571,17.125198,234028200
7/17/2007,19.757143,19.942858,19.642857,19.844286,17.225655,177489900
7/18/2007,19.741428,19.777143,19.434286,19.731428,17.127686,189214200
7/19/2007,20.042856,20.115715,19.950001,20,17.360817,183222900
7/20/2007,20.235714,20.597143,20,20.535715,17.825836,291943400
7/23/2007,20.472857,20.745714,20.132856,20.528572,17.819635,259122500
7/24/2007,19.84,20.142857,19.164286,19.27,16.727146,448823200
7/25/2007,19.621429,19.765715,19.285715,19.608572,17.021044,374045700
7/26/2007,20.844286,21.214285,19.565714,20.857143,18.104851,546657300
7/27/2007,20.884285,21.274286,20.540001,20.549999,17.83824,290274600
7/30/2007,20.618572,20.778572,19.938572,20.204287,17.538147,276747100
7/31/2007,20.424286,20.497143,18.788572,18.822857,16.339012,440598200
8/1/2007,19.091429,19.34,18.252857,19.285715,16.740786,437539200
8/2/2007,19.521429,19.565714,19.164286,19.498571,16.925552,213161200
8/3/2007,19.322857,19.421429,18.785715,18.835714,16.350168,169796900
8/6/2007,18.985714,19.324286,18.328571,19.321428,16.77179,231292600
8/7/2007,19.277143,19.605715,18.947144,19.290001,16.744505,237484100
8/8/2007,19.537144,19.551428,18.857143,19.144285,16.618023,202024200
8/9/2007,18.73,19,17.870001,18.055714,15.673097,281348900
8/10/2007,17.588572,18.25,17.185715,17.857143,15.500731,352687300
8/13/2007,18.331429,18.478571,18.071428,18.255714,15.846705,188227900
8/14/2007,18.327143,18.328571,17.672857,17.718571,15.380441,184751700
8/15/2007,17.534286,17.837143,17.092857,17.128571,14.868299,248213000
8/16/2007,16.715714,16.928572,15.945714,16.721428,14.514881,466672500
8/17/2007,17.43,17.642857,17.117144,17.437143,15.13615,298765600
8/20/2007,17.70857,17.785715,17.214285,17.459999,15.155988,200829300
8/21/2007,17.45857,18.422857,17.285715,18.224285,15.819417,325761800
8/22/2007,18.745714,18.964285,18.618572,18.93,16.432013,265441400
8/23/2007,19.012857,19.048571,18.537144,18.724285,16.253443,216709500
8/24/2007,18.647142,19.338572,18.544285,19.328571,16.77799,227958500
8/27/2007,19.055714,19.237143,18.871429,18.892857,16.399771,176859900
8/28/2007,18.712856,18.915714,18.09,18.117144,15.726422,294841400
8/29/2007,18.554285,19.168571,18.505714,19.154285,16.626703,291715200
8/30/2007,18.952858,19.75,18.9,19.464285,16.8958,358895600
8/31/2007,19.927143,19.950001,19.629999,19.782858,17.172327,219221800
9/4/2007,19.991428,20.818571,19.977142,20.594286,17.876675,329210700
9/5/2007,20.709999,20.834286,19.442858,19.537144,16.95904,582055600
9/6/2007,19.365715,19.652857,18.95857,19.287144,16.742029,475315400
9/7/2007,18.858572,18.9,18.571428,18.824286,16.340248,357644000
9/10/2007,19.57,19.719999,19.135714,19.530001,16.952837,371959700
9/11/2007,19.700001,19.757143,19.107143,19.355715,16.801548,242971400
9/12/2007,19.427143,19.914286,19.392857,19.549999,16.9702,255692500
9/13/2007,19.832857,19.857143,19.521429,19.6,17.013605,164040800
9/14/2007,19.51,19.854286,19.457144,19.83,17.213249,151830000
9/17/2007,19.855715,20.084286,19.657143,19.772858,17.163647,198342900
9/18/2007,19.865715,20.407143,19.690001,20.131428,17.474903,266022400
9/19/2007,20.431429,20.451429,19.914286,20.110001,17.456303,256720100
9/20/2007,20.021429,20.255714,19.902857,20.044285,17.399263,172960200
9/21/2007,20.162857,20.664286,20.044285,20.592857,17.875433,284720100
9/24/2007,20.961428,21.407143,20.950001,21.182858,18.387581,263040400
9/25/2007,20.977142,21.888571,20.974285,21.882856,18.995213,298137700
9/26/2007,22.067142,22.142857,21.607143,21.824286,18.944374,243817000
9/27/2007,21.967142,22.074286,21.76,22.071428,19.158901,164549700
9/28/2007,21.92,22.085714,21.821428,21.924286,19.031176,153775300
10/1/2007,22.09,22.487143,21.847143,22.334286,19.38707,209267100
10/2/2007,22.364286,22.655714,22.27,22.635714,19.64872,198017400
10/3/2007,22.540001,22.74,22.43,22.559999,19.583004,173129600
10/4/2007,22.571428,22.582857,21.928572,22.32,19.374672,164239600
10/5/2007,22.624287,23.082857,22.528572,23.064285,20.020742,235867800
10/8/2007,23.355715,23.987143,23.281429,23.987143,20.821819,208982200
10/9/2007,24.314285,24.444286,23.811428,23.98,20.815619,276071600
10/10/2007,23.935715,23.982857,23.657143,23.827143,20.682934,166897500
10/11/2007,24.212856,24.554285,21.887142,23.175714,20.11747,410998000
10/12/2007,23.287144,23.897142,23.114286,23.892857,20.739975,247044000
10/15/2007,23.997143,24.224285,23.357143,23.854286,20.706493,269482500
10/16/2007,23.648571,24.311428,23.592857,24.225714,21.02891,266957600
10/17/2007,24.67,24.719999,24.168571,24.678572,21.42201,281903300
10/18/2007,24.5,24.884285,24.435715,24.785715,21.515015,205919000
10/19/2007,24.891428,24.947144,24.285715,24.345715,21.133072,322945000
10/22/2007,24.335714,24.985714,24.280001,24.908571,21.62166,412374900
10/23/2007,26.937143,26.942858,26.108572,26.594286,23.084925,448791000
10/24/2007,26.544285,26.744286,25.605715,26.561428,23.056398,322120400
10/25/2007,26.41,26.557142,25.951429,26.111429,22.665789,243400500
10/26/2007,26.469999,26.481428,26.125713,26.385714,22.903879,176719200
10/29/2007,26.492857,26.655714,26.385714,26.441429,22.952244,135138500
10/30/2007,26.597143,27.052856,26.389999,26.714285,23.189089,234853500
10/31/2007,26.804285,27.16,26.421429,27.135714,23.554907,208327700
11/1/2007,26.942858,27.157143,25.714285,26.777143,23.243656,201259100
11/2/2007,27.030001,27.062857,26.212856,26.838572,23.296978,250528600
11/5/2007,26.469999,26.994286,26.32,26.597143,23.087404,201044200
11/6/2007,26.721428,27.428572,26.467142,27.398571,23.783077,238681800
11/7/2007,27.23,27.525715,26.59,26.614286,23.102285,248581900
11/8/2007,26.667143,26.700001,23.967142,25.067142,21.759306,472594500
11/9/2007,24.450001,25.017143,23.601429,23.624287,20.506842,381595200
11/12/2007,23.611429,23.957144,21.518572,21.965714,19.067135,442266300
11/13/2007,22.978571,24.425714,21.965714,24.280001,21.076031,434861700
11/14/2007,25.308571,25.367144,23.391428,23.73,20.598608,362292000
11/15/2007,23.77,24.227142,22.9,23.471428,20.374157,371852600
11/16/2007,23.614286,23.860001,22.761429,23.77,20.633329,345873500
11/19/2007,23.728571,24.028572,23.157143,23.421429,20.330753,288607200
11/20/2007,23.667143,24.54143,23.361429,24.121429,20.938385,385910700
11/21/2007,23.691429,24.621429,23.524286,24.065714,20.890024,304452400
11/23/2007,24.571428,24.578571,24.25,24.505714,21.271959,116439400
11/26/2007,24.798571,25.324286,24.621429,24.648571,21.395967,326438700
11/27/2007,25.031429,25.112858,24.287144,24.972857,21.677458,329257600
11/28/2007,25.26,25.799999,25.049999,25.745714,22.348335,287728000
11/29/2007,25.632856,26.452858,25.592857,26.327143,22.853037,262731700
11/30/2007,26.762857,26.814285,25.671429,26.031429,22.596344,296950500
12/3/2007,25.98,26.305714,25.385714,25.551428,22.179686,240367400
12/4/2007,25.307142,25.842857,25.284286,25.687143,22.297489,193449900
12/5/2007,26.127142,26.571428,26.058571,26.5,23.003084,223100500
12/6/2007,26.598572,27.157143,26.588572,27.135714,23.554907,224952700
12/7/2007,27.219999,27.855715,26.862858,27.757143,24.094334,266516600
12/10/2007,27.655714,27.951429,27.527143,27.744286,24.08317,180594400
12/11/2007,27.821428,28.118572,26.77,26.934286,23.380058,277731300
12/12/2007,27.634285,27.782858,26.537144,27.265715,23.667755,306415200
12/13/2007,27.17,27.445715,26.831429,27.404285,23.788036,216154400
12/14/2007,27.195715,27.6,27.077143,27.198572,23.60947,168578200
12/17/2007,27.245714,27.521429,26.139999,26.342857,22.866676,256173400
12/18/2007,26.645714,26.761429,25.514286,26.139999,22.690588,305650800
12/19/2007,26.139999,26.377142,25.842857,26.16,22.707947,206869600
12/20/2007,26.49,26.832857,26.190001,26.744286,23.215134,193514300
12/21/2007,27.16,27.701429,27.127142,27.701429,24.045977,248490200
12/24/2007,27.861429,28.475714,27.827143,28.4,24.652361,120050700
12/26/2007,28.43,28.70857,28.117144,28.421429,24.670959,175933100
12/27/2007,28.421429,28.994286,28.257143,28.367144,24.623838,198881900
12/28/2007,28.655714,28.794285,28.125713,28.547142,24.780088,174911800
12/31/2007,28.5,28.642857,28.25,28.297142,24.563074,134833300
1/2/2008,28.467142,28.608572,27.507143,27.834286,24.161295,269794700
1/3/2008,27.915714,28.198572,27.527143,27.847143,24.172449,210516600
1/4/2008,27.35,27.571428,25.555714,25.721428,22.327251,363958000
1/7/2008,25.892857,26.228571,24.318571,25.377142,22.028393,518048300
1/8/2008,25.734285,26.065714,24.4,24.464285,21.235991,380954000
1/9/2008,24.471428,25.642857,24.042856,25.628571,22.246645,453470500
1/10/2008,25.368572,25.857143,25.058571,25.431429,22.075516,370743800
1/11/2008,25.142857,25.407143,24.285715,24.67,21.414568,308071400
1/14/2008,25.360001,25.631428,25.024286,25.540001,22.169762,275112600
1/15/2008,25.388571,25.602858,23.522858,24.148571,20.961945,585819500
1/16/2008,23.604286,24.144285,22.385714,22.805714,19.796291,553461300
1/17/2008,23.072857,23.622858,22.631428,22.984285,19.951296,439464900
1/18/2008,23.101429,23.678572,22.801428,23.051428,20.009575,431085900
1/22/2008,21.151428,22.854286,20.857143,22.234285,19.300268,608688500
1/23/2008,19.455715,20,18.02,19.867144,17.245489,843242400
1/24/2008,19.998571,20.1,18.858572,19.371429,16.815191,501466700
1/25/2008,19.855715,19.870001,18.515715,18.572857,16.121998,388684800
1/28/2008,18.308571,19.028572,18.064285,18.572857,16.121998,368711000
1/29/2008,18.735714,18.969999,18.435715,18.79143,16.311724,274995700
1/30/2008,18.767143,19.35,18.571428,18.882856,16.391098,310762900
1/31/2008,18.492857,19.521429,18.485714,19.337143,16.785425,336418600
2/1/2008,19.462856,19.512857,18.882856,19.107143,16.585785,252686000
2/4/2008,19.172857,19.414286,18.774286,18.807142,16.325367,224808500
2/5/2008,18.632856,19.142857,18.414286,18.48,16.041388,285260500
2/6/2008,18.690001,18.845715,17.395714,17.428572,15.128711,393318100
2/7/2008,17.138571,17.825714,16.752857,17.32,15.034469,520832900
2/8/2008,17.440001,17.957144,17.371429,17.925714,15.56025,338993200
2/11/2008,18.287144,18.568571,18.171429,18.492857,16.052557,300358100
2/12/2008,18.671429,18.714285,17.66,17.837143,15.483367,306495000
2/13/2008,18.097143,18.540001,17.947144,18.485714,16.046354,242133500
2/14/2008,18.485714,18.685715,18.144285,18.20857,15.805783,238524300
2/15/2008,18.038572,18.154285,17.722857,17.804285,15.454845,225325100
2/19/2008,17.998571,18.107143,17.348572,17.454287,15.151031,251261500
2/20/2008,17.457144,17.799999,17.382856,17.688572,15.354403,241859800
2/21/2008,18.007143,18.067142,17.265715,17.362858,15.071671,234528700
2/22/2008,17.497143,17.501429,16.552856,17.065714,14.813738,382469500
2/25/2008,16.941429,17.167143,16.665714,17.105715,14.848459,314193600
2/26/2008,16.805714,17.298571,16.491428,17.021429,14.775293,376222000
2/27/2008,16.889999,17.578571,16.870001,17.565714,15.247759,368784500
2/28/2008,18.171429,18.885714,17.967142,18.558571,16.109592,404563600
2/29/2008,18.469999,18.601429,17.828571,17.860001,15.503209,313870200
3/3/2008,17.777143,17.997143,16.857143,17.389999,15.095233,398260800
3/4/2008,17.427143,17.84,17.200001,17.802856,15.453604,446345900
3/5/2008,17.654285,17.877142,17.464285,17.784286,15.43749,305459000
3/6/2008,17.801428,18.214285,17.258572,17.275715,14.996028,368424700
3/7/2008,17.201429,17.568571,17.007143,17.464285,15.159713,307615700
3/10/2008,17.425714,17.637142,17.052856,17.098572,14.842254,249897200
3/11/2008,17.728571,18.211428,17.428572,18.192858,15.792146,290985800
3/12/2008,18.148571,18.382856,17.881428,18.004286,15.628456,264907300
3/13/2008,17.728571,18.5,17.571428,18.277143,15.865309,315525700
3/14/2008,18.554285,18.614286,17.742857,18.087143,15.700379,289160200
3/17/2008,17.507143,18.370001,17.507143,18.104286,15.715261,268149700
3/18/2008,18.454287,19,18.381428,18.974285,16.470448,301280000
3/19/2008,19.017143,19.184286,18.524286,18.524286,16.079836,252634200
3/20/2008,18.731428,19.04143,18.454287,19.038572,16.526253,227196900
3/24/2008,19.144285,20.121429,19.091429,19.932858,17.302536,266730100
3/25/2008,19.994286,20.442858,19.618572,20.139999,17.48234,263097800
3/26/2008,20.124287,20.82,20.091429,20.722857,17.988289,295521100
3/27/2008,20.707144,20.758572,19.998571,20.035715,17.391817,249957400
3/28/2008,20.257143,20.664286,20.228571,20.43,17.734077,178652600
3/31/2008,20.467142,20.815714,20.360001,20.5,17.794838,192016300
4/1/2008,20.9,21.379999,20.515715,21.361429,18.542591,258141800
4/2/2008,21.254286,21.6,20.835714,21.07,18.289623,261242100
4/3/2008,21.008572,21.947144,21,21.658571,18.800529,262892000
4/4/2008,21.741428,22.101429,21.535715,21.868572,18.982815,213604300
4/7/2008,22.304285,22.812857,22.158571,22.27,19.331266,289581600
4/8/2008,21.935715,22.35,21.76,21.834286,18.953051,253573600
4/9/2008,21.901428,21.984285,21.494286,21.634285,18.779444,218349600
4/10/2008,21.59,22.202858,21.514286,22.078571,19.165096,238940800
4/11/2008,21.817142,21.9,20.914286,21.02,18.246218,302519000
4/14/2008,20.967142,21.321428,20.648571,21.111429,18.325581,211271900
4/15/2008,21.342857,21.388571,20.817142,21.197144,18.399981,174509300
4/16/2008,21.674286,22.014286,21.517143,21.957144,19.059704,198943500
4/17/2008,22.024286,22.285715,21.907143,22.07,19.157661,176066800
4/18/2008,22.731428,23.18,22.625713,23.005714,19.9699,256691400
4/21/2008,23.172857,24.071428,23.108572,24.022858,20.852819,259788200
4/22/2008,23.914286,24,22.584286,22.885714,19.865734,359893100
4/23/2008,23.435715,23.548571,23.011429,23.27,20.19931,376047700
4/24/2008,23.620001,24.282858,22.741428,24.134285,20.949545,424016600
4/25/2008,24.385714,24.442858,23.774286,24.247143,21.04751,248118500
4/28/2008,24.25,24.821428,24.161428,24.605715,21.358763,196803600
4/29/2008,24.444286,25.094286,24.321428,25.007143,21.707218,230869100
4/30/2008,25.17,25.714285,24.702858,24.85,21.570814,284881100
5/1/2008,24.994286,25.714285,24.98,25.714285,22.321053,225894200
5/2/2008,25.741428,25.988571,25.507143,25.848572,22.43762,251520500
5/5/2008,25.988571,26.472857,25.864286,26.389999,22.907597,213639300
5/6/2008,26.379999,26.731428,26.025715,26.665714,23.146927,229717600
5/7/2008,26.578571,26.885714,25.79143,26.084286,22.642227,289283400
5/8/2008,26.252857,26.642857,26.152857,26.437143,22.948517,224771400
5/9/2008,26.165714,26.321428,25.91,26.207144,22.748863,168268100
5/12/2008,26.45857,26.981428,26.121429,26.879999,23.332935,204640800
5/13/2008,26.944286,27.35,26.837143,27.137142,23.556149,205809100
5/14/2008,27.318571,27.462856,26.51,26.608572,23.097328,229205900
5/15/2008,26.687143,27.128571,26.314285,27.104286,23.527628,218302000
5/16/2008,27.158571,27.185715,26.714285,26.802856,23.265972,191442300
5/19/2008,26.837143,26.955715,25.9,26.228571,22.767471,236455100
5/20/2008,25.974285,26.594286,25.731428,26.557142,23.052685,242462500
5/21/2008,26.524286,26.85,25.178572,25.455715,22.096596,289414300
5/22/2008,25.608572,25.904285,24.571428,25.292856,21.955236,301683900
5/23/2008,25.824286,25.998571,25.4,25.881428,22.466135,226729300
5/27/2008,26.107143,26.632856,25.977142,26.632856,23.118402,197476300
5/28/2008,26.772858,26.85,26.245714,26.715714,23.190325,185994900
5/29/2008,26.68,26.885714,26.5,26.67,23.150646,161796600
5/30/2008,26.778572,27.077143,26.768572,26.964285,23.406101,152546100
6/2/2008,26.942858,27.092857,26.361429,26.585714,23.077492,169960000
6/3/2008,26.694286,26.885714,26.048571,26.481428,22.986958,187630100
6/4/2008,26.288572,26.727142,26.175714,26.455715,22.964642,181745900
6/5/2008,26.620001,27.120001,26.528572,27.061428,23.490421,188861400
6/6/2008,26.857143,27.135714,26.507143,26.52,23.020443,241605700
6/9/2008,26.398571,26.42,25.107143,25.944286,22.520699,472098200
6/10/2008,25.787144,26.682858,25.574286,26.52,23.020443,285235300
6/11/2008,26.334286,26.571428,25.655714,25.83,22.421492,240387700
6/12/2008,25.927143,26.085714,24.457144,24.751429,21.485249,327083400
6/13/2008,24.52,24.879999,23.615715,24.624287,21.374886,336489300
6/16/2008,24.471428,25.414286,24.152857,25.262857,21.929192,262932600
6/17/2008,25.442858,25.998571,25.344286,25.918571,22.498375,224914200
6/18/2008,25.874287,26.028572,25.335714,25.535715,22.16604,202867000
6/19/2008,25.507143,26.048571,25.257143,25.842857,22.432657,197987300
6/20/2008,25.621429,25.857143,25,25.038572,21.734507,222091800
6/23/2008,24.962856,25.125713,24.508572,24.737143,21.472849,161445200
6/24/2008,24.624287,25.111429,24.518572,24.75,21.484007,155486800
6/25/2008,24.944286,25.547142,24.84,25.341429,21.997396,161112700
6/26/2008,24.867144,24.977142,24.001429,24.037144,20.865225,217402500
6/27/2008,23.787144,24.367144,23.450001,24.298571,21.092154,260562400
6/30/2008,24.312857,24.571428,23.802856,23.92,20.763536,171049200
7/1/2008,23.461428,24.959999,23.428572,24.954287,21.661335,277820200
7/2/2008,25.028572,25.35,24.025715,24.025715,20.855305,209379800
7/3/2008,24.227142,24.595715,23.678572,24.302856,21.095869,130840500
7/7/2008,24.737143,25.304285,24.557142,25.022858,21.720858,205097900
7/8/2008,25.057142,25.671429,24.677143,25.65,22.265249,222087600
7/9/2008,25.742857,25.844286,24.877142,24.892857,21.608019,223944000
7/10/2008,24.988571,25.334286,24.481428,25.232857,21.903149,210172200
7/11/2008,25.067142,25.301428,24.428572,24.654285,21.400925,232502900
7/14/2008,25.605715,25.614286,24.725714,24.84,21.562132,221513600
7/15/2008,24.639999,24.82,23.77,24.234285,21.036346,260010800
7/16/2008,24.314285,24.704287,24.085714,24.687143,21.429451,186947600
7/17/2008,24.871429,24.997143,24.484285,24.544285,21.305441,189381500
7/18/2008,24.074286,24.235714,23.571428,23.592857,20.479557,217103600
7/21/2008,23.842857,23.928572,23.017143,23.755714,20.62093,340117400
7/22/2008,21.285715,23.251429,20.932858,23.145714,20.091423,469898100
7/23/2008,23.57,24.052856,23.08,23.751429,20.61721,265442100
7/24/2008,23.474285,23.608572,22.635714,22.718571,19.720644,209904800
7/25/2008,22.914286,23.285715,22.664286,23.16,20.103821,158409300
7/28/2008,23.191429,23.209999,22.002857,22.057142,19.146502,195178200
7/29/2008,22.201429,22.778572,21.950001,22.440001,19.478834,171017700
7/30/2008,22.540001,22.927143,22.297142,22.84,19.826052,181295800
7/31/2008,22.505714,23.171429,22.425714,22.707144,19.710728,159374600
8/1/2008,22.842857,22.855715,22.25,22.379999,19.426752,136159800
8/4/2008,22.371429,22.557142,21.844286,21.889999,19.001411,148131900
8/5/2008,22.202858,22.971428,22.117144,22.948572,19.920294,172092900
8/6/2008,22.852858,23.914286,22.571428,23.455715,20.360523,197852200
8/7/2008,23.244286,23.735714,23.071428,23.367144,20.283636,168093100
8/8/2008,23.408571,24.235714,23.392857,24.221428,21.025188,178499300
8/11/2008,24.295713,25.214285,24.238571,24.794285,21.522449,222826100
8/12/2008,24.788572,25.612858,24.787144,25.247143,21.915552,209069700
8/13/2008,25.425714,25.714285,25.128571,25.614286,22.234247,210586600
8/14/2008,25.475714,25.778572,25.405714,25.617144,22.236723,177825200
8/15/2008,25.577143,25.678572,25.007143,25.105715,21.792789,177062900
8/18/2008,25.081429,25.401428,24.831429,25.055714,21.749384,138003600
8/19/2008,24.934286,25.295713,24.544285,24.790001,21.518728,154051100
8/20/2008,24.967142,25.277143,24.801428,25.120001,21.805185,126737800
8/21/2008,24.924286,25.064285,24.555714,24.898571,21.612972,134936200
8/22/2008,25.117144,25.357143,25.081429,25.255714,21.922987,109902800
8/25/2008,25.164286,25.175714,24.522858,24.65,21.397209,121106300
8/26/2008,24.68,24.982857,24.658571,24.805714,21.532379,111387500
8/27/2008,24.758572,25.108572,24.598572,24.952858,21.660105,119445200
8/28/2008,25.040001,25.178572,24.678572,24.82,21.544771,107846200
8/29/2008,24.70857,24.785715,24.148571,24.218571,21.022715,149822400
9/2/2008,24.628571,24.785715,23.571428,23.741428,20.60853,195190800
9/3/2008,23.834286,24.097143,23.428572,23.851429,20.704012,183708700
9/4/2008,23.694286,23.987143,22.972857,23.031429,19.99222,185846500
9/5/2008,22.655714,23.200001,22.521429,22.882856,19.863253,196721000
9/8/2008,23.51,23.555714,21.637142,22.559999,19.583004,261494800
9/9/2008,22.408571,22.851429,21.398571,21.668571,18.809202,311256400
9/10/2008,21.76,22.141428,21.257143,21.658571,18.800529,243285700
9/11/2008,21.168571,21.855715,20.857143,21.807142,18.929487,242783800
9/12/2008,21.558571,21.558571,20.928572,21.277143,18.469431,198256800
9/15/2008,20.290001,21.098572,20.051428,20.051428,17.405453,230158600
9/16/2008,19.122858,20.357143,18.878571,19.982857,17.345934,299959100
9/17/2008,19.784286,19.787144,18.261429,18.261429,15.851669,300113800
9/18/2008,18.652857,19.347143,17.24,19.155714,16.627935,419063400
9/19/2008,20.371429,20.6,19.472857,20.129999,17.47366,357718900
9/22/2008,19.991428,20.035715,18.665714,18.721428,16.250967,214178300
9/23/2008,18.835714,19.4,18.094286,18.120001,15.728899,320091100
9/24/2008,18.181429,18.707144,17.878571,18.387142,15.960795,261753800
9/25/2008,18.542856,19.255714,18.360001,18.847143,16.36009,251511400
9/26/2008,17.844286,18.542856,17.571428,18.32,15.902511,281612800
9/29/2008,17.088572,17.097143,14.37,15.037143,13.052853,655514300
9/30/2008,15.464286,16.428572,15.185715,16.237143,14.094501,406670600
10/1/2008,15.988571,16.051428,15.341429,15.588572,13.531516,324121000
10/2/2008,15.43,15.541429,14.285714,14.3,12.412984,402341100
10/3/2008,14.857142,15.214286,13.521428,13.867143,12.037247,573599600
10/6/2008,13.137143,14.111428,12.505714,14.02,12.169932,526854300
10/7/2008,14.354285,14.5,12.707143,12.737143,11.056362,469693000
10/8/2008,12.272857,13.761429,12.24,12.827143,11.134484,551935300
10/9/2008,13.335714,13.685715,12.371428,12.677143,11.004278,404345900
10/10/2008,12.242857,14.285714,12.142858,13.828571,12.003769,554824900
10/13/2008,14.935715,15.79,14.431429,15.751429,13.672882,384769000
10/14/2008,16.608572,16.628571,14.734285,14.868571,12.906527,495248600
10/15/2008,14.834286,15.285714,13.984285,13.992857,12.14637,396043900
10/16/2008,14.252857,14.775714,13.105714,14.555715,12.634954,495130300
10/17/2008,14.228572,14.577143,12.27,13.914286,12.078171,440556900
10/20/2008,14.254286,14.29,13.377143,14.062857,12.207131,387292500
10/21/2008,13.85,13.985714,13.022857,13.07,11.345294,548415000
10/22/2008,13.91,14.464286,13.275714,13.838572,12.012446,562202200
10/23/2008,13.787143,14.178572,13.128572,14.032857,12.181094,418857600
10/24/2008,12.904285,13.985714,12.872857,13.768572,11.951683,397514600
10/27/2008,13.581429,13.947143,13.122857,13.155714,11.419696,302192800
10/28/2008,13.632857,14.357142,13.195714,14.272857,12.389421,408533300
10/29/2008,14.408571,15.648571,14.277143,14.935715,12.964809,487744600
10/30/2008,15.461429,16.027143,15.372857,15.862857,13.769606,409522400
10/31/2008,15.342857,15.825714,15.02,15.37,13.341786,414939000
11/3/2008,15.132857,15.585714,14.98,15.28,13.263664,264484500
11/4/2008,15.712857,15.97,15.238571,15.855714,13.763407,349670300
11/5/2008,15.558572,15.674286,14.712857,14.757143,12.809801,314113800
11/6/2008,14.435715,14.682858,14,14.157143,12.288978,329768600
11/7/2008,14.177143,14.264286,13.674286,14.034286,12.182336,273813400
11/10/2008,14.31,14.342857,13.5,13.697143,11.88968,280955500
11/11/2008,13.544286,13.881429,13.18,13.538571,11.752032,306134500
11/12/2008,13.204286,13.32,12.858571,12.874286,11.175406,294744100
11/13/2008,12.838572,13.777143,12.288571,13.777143,11.959125,463521800
11/14/2008,13.394286,13.427143,12.857142,12.891429,11.190287,351316700
11/17/2008,12.64,12.935715,12.465714,12.591429,10.929874,290631600
11/18/2008,12.805715,12.998571,12.408571,12.844286,11.149362,302423800
11/19/2008,12.777143,13.082857,12.315714,12.327143,10.700462,292975200
11/20/2008,12.177143,12.35,11.428572,11.498571,9.98123,429203600
11/21/2008,11.704286,12.017143,11.305715,11.797143,10.240401,392317800
11/24/2008,12.172857,13.541429,12.12,13.278571,11.526342,360564400
11/25/2008,13.518572,13.53,12.594286,12.971429,11.259729,308823200
11/26/2008,12.845715,13.607142,12.835714,13.571428,11.780556,224959000
11/28/2008,13.528571,13.537143,13.122857,13.238571,11.491624,74443600
12/1/2008,13.042857,13.181429,12.702857,12.704286,11.027837,230941900
12/2/2008,12.861428,13.235714,12.357142,13.21,11.46682,287180600
12/3/2008,12.771428,13.747143,12.685715,13.7,11.892162,334670000
12/4/2008,13.49,13.601429,12.722857,13.058572,11.335373,272842500
12/5/2008,12.907143,13.498571,12.694285,13.428572,11.656549,260948800
12/8/2008,13.897142,14.4,13.685715,14.245714,12.365862,296285500
12/9/2008,14.005714,14.8,13.887143,14.294286,12.408025,300874000
12/10/2008,13.981428,14.212857,13.785714,14.03,12.178614,234511900
12/11/2008,13.907143,14.462857,13.547143,13.571428,11.780556,260154300
12/12/2008,13.257143,14.142858,13.218572,14.038571,12.186051,260293600
12/15/2008,13.712857,13.744286,13.285714,13.535714,11.749554,222939500
12/16/2008,13.425714,13.782857,13.25,13.632857,11.833878,273376600
12/17/2008,13.004286,13.014286,12.574286,12.737143,11.056362,323465100
12/18/2008,12.758572,12.975715,12.634286,12.775714,11.089843,214354000
12/19/2008,12.848572,12.991428,12.685715,12.857142,11.160526,200480000
12/22/2008,12.86,12.861428,12.098572,12.248571,10.632261,211185100
12/23/2008,12.41,12.552857,12.271428,12.34,10.711625,158757900
12/24/2008,12.305715,12.321428,12.078571,12.148571,10.545458,67833500
12/26/2008,12.377143,12.488571,12.177143,12.258572,10.640942,77081200
12/29/2008,12.36,12.517143,12.152857,12.372857,10.740146,171500000
12/30/2008,12.488571,12.578571,12.102858,12.327143,10.700462,241900400
12/31/2008,12.281428,12.534286,12.191428,12.192857,10.583897,151885300
1/2/2009,12.268572,13.005714,12.165714,12.964286,11.253528,186503800
1/5/2009,13.31,13.74,13.244286,13.511429,11.728474,295402100
1/6/2009,13.707143,13.881429,13.198571,13.288571,11.535025,322327600
1/7/2009,13.115714,13.214286,12.894286,13.001429,11.285772,188262200
1/8/2009,12.918571,13.307143,12.862857,13.242857,11.495339,168375200
1/9/2009,13.315714,13.34,12.877143,12.94,11.232448,136711400
1/12/2009,12.922857,12.998571,12.507143,12.665714,10.99436,154429100
1/13/2009,12.605714,12.82,12.335714,12.53,10.876552,199599400
1/14/2009,12.32,12.464286,12.102858,12.19,10.581416,255416000
1/15/2009,11.51,12.017143,11.435715,11.911428,10.339605,457908500
1/16/2009,12.042857,12.054286,11.485714,11.761429,10.209399,261906400
1/20/2009,11.704286,11.714286,11.171429,11.171429,9.697256,229978700
1/21/2009,11.341429,11.84,11.33,11.832857,10.271402,272317500
1/22/2009,12.577143,12.857142,12.26,12.622857,10.957154,352382100
1/23/2009,12.402857,12.838572,12.357142,12.622857,10.957154,190942500
1/26/2009,12.694285,12.995714,12.614285,12.805715,11.115884,173059600
1/27/2009,12.884286,13.078571,12.82,12.961429,11.251047,154509600
1/28/2009,13.16,13.571428,13.071428,13.457143,11.68135,215351500
1/29/2009,13.298572,13.477143,13.228572,13.285714,11.532542,148182300
1/30/2009,13.228572,13.374286,12.858571,12.875714,11.176645,162869700
2/2/2009,12.728572,13.142858,12.7,13.072857,11.347773,139561800
2/3/2009,13.131429,13.34,12.897142,13.282857,11.530063,149827300
2/4/2009,13.317142,13.75,13.3,13.364285,11.600746,202105400
2/5/2009,13.252857,13.892858,13.231428,13.78,11.961601,187311600
2/6/2009,13.86,14.285714,13.857142,14.245714,12.365862,171802400
2/9/2009,14.285714,14.714286,14.214286,14.644286,12.711839,178752700
2/10/2009,14.475715,14.644286,13.865714,13.975715,12.131488,212265200
2/11/2009,13.767143,14.044286,13.681429,13.831429,12.006242,168743400
2/12/2009,13.69,14.25,13.69,14.181429,12.310059,204297100
2/13/2009,14.141429,14.277143,14.017143,14.165714,12.296419,152244400
2/17/2009,13.838572,13.862857,13.468572,13.504286,11.722272,169559600
2/18/2009,13.578571,13.692857,13.245714,13.481428,11.70243,171194800
2/19/2009,13.338572,13.464286,12.872857,12.948571,11.239886,230701100
2/20/2009,12.771428,13.2,12.714286,13.028571,11.309332,187579000
2/23/2009,13.092857,13.142858,12.358571,12.421429,10.782309,196745500
2/24/2009,12.492857,12.984285,12.428572,12.892858,11.191526,201776400
2/25/2009,12.837143,13.274285,12.75,13.022857,11.30437,208263300
2/26/2009,13.142858,13.274285,12.708571,12.741428,11.06008,157467100
2/27/2009,12.561429,13.042857,12.524285,12.758572,11.074958,176664600
3/2/2009,12.588572,13.028571,12.524285,12.562857,10.905071,192732400
3/3/2009,12.704286,12.962857,12.554286,12.624286,10.958397,181085100
3/4/2009,12.882857,13.252857,12.778571,13.024285,11.305613,185350900
3/5/2009,12.922857,13.124286,12.635715,12.691428,11.016677,176724800
3/6/2009,12.62,12.628572,11.761429,12.185715,10.577699,252786800
3/9/2009,12.025714,12.514286,11.795714,11.872857,10.306126,174574400
3/10/2009,12.124286,12.738571,12.051429,12.661428,10.990637,211064700
3/11/2009,12.83,13.438571,12.797143,13.24,11.492862,211593200
3/12/2009,13.271428,13.797143,13.142858,13.764286,11.947963,192114300
3/13/2009,13.757143,13.885715,13.572857,13.704286,11.89588,150292100
3/16/2009,13.79,13.912857,13.454286,13.631429,11.832635,199311000
3/17/2009,13.605714,14.241428,13.581429,14.237143,12.358421,196661500
3/18/2009,14.272857,14.782857,14.245714,14.502857,12.589073,199009300
3/19/2009,14.55,14.742857,14.321428,14.517143,12.601471,125045200
3/20/2009,14.584286,14.73,14.367143,14.512857,12.597752,173896800
3/23/2009,14.672857,15.451428,14.535714,15.38,13.350468,166599300
3/24/2009,15.194285,15.634286,15.055715,15.214286,13.206621,160153000
3/25/2009,15.368571,15.48,14.837143,15.212857,13.205381,161654500
3/26/2009,15.404285,15.711429,15.368571,15.695714,13.62452,154063000
3/27/2009,15.461429,15.504286,15.2,15.264286,13.250024,123218200
3/30/2009,14.93,15.001429,14.658571,14.927143,12.957371,125699000
3/31/2009,15.064285,15.35,15,15.017143,13.035494,142520000
4/1/2009,14.87,15.571428,14.841429,15.527143,13.478194,147343000
4/2/2009,15.734285,16.392857,15.682858,16.101429,13.976696,203091700
4/3/2009,16.312857,16.59,16.217142,16.57,14.383436,159060300
4/6/2009,16.42,16.964285,16.182858,16.921429,14.68849,164516100
4/7/2009,16.647142,16.667143,16.312857,16.428572,14.26067,134145200
4/8/2009,16.49,16.684286,16.368572,16.617144,14.424359,113907500
4/9/2009,16.917143,17.142857,16.851429,17.081429,14.827376,132689200
4/13/2009,17.144285,17.282858,17,17.174286,14.907983,97309100
4/14/2009,17.081429,17.167143,16.75,16.901428,14.671129,113655500
4/15/2009,16.742857,16.892857,16.537144,16.805714,14.588045,103220600
4/16/2009,17.027143,17.592857,16.969999,17.35,15.060502,148361500
4/17/2009,17.311428,17.75,17.178572,17.631428,15.304796,124373900
4/20/2009,17.389999,17.57,17.022858,17.214285,14.942704,116616500
4/21/2009,16.984285,17.448572,16.942858,17.394285,15.098948,117671400
4/22/2009,17.518572,17.907143,17.314285,17.358572,15.067946,234691800
4/23/2009,18.088572,18.171429,17.644285,17.914286,15.550329,236289200
4/24/2009,17.805714,17.877142,17.567142,17.700001,15.364325,135191000
4/27/2009,17.557142,17.857143,17.522858,17.818571,15.467247,120172500
4/28/2009,17.621429,18.030001,17.608572,17.700001,15.364325,113964200
4/29/2009,17.835714,18.121429,17.690001,17.877142,15.518091,114527700
4/30/2009,18.031429,18.142857,17.845715,17.975714,15.60365,124622400
5/1/2009,17.971428,18.278572,17.971428,18.177143,15.778499,99379000
5/4/2009,18.32,18.892857,18.24,18.867144,16.377453,152339600
5/5/2009,18.821428,18.98,18.731428,18.95857,16.456814,99563800
5/6/2009,19.047142,19.071428,18.602858,18.928572,16.430775,118384700
5/7/2009,18.904285,18.912857,18.271429,18.437143,16.004196,132944000
5/8/2009,18.434286,18.747143,18.037144,18.455715,16.020313,116991000
5/11/2009,18.195715,18.70857,18.16,18.51,16.067429,101164700
5/12/2009,18.508572,18.530001,17.607143,17.774286,15.428808,152370400
5/13/2009,17.601429,17.717142,17.054285,17.07,14.81746,148992900
5/14/2009,17.111429,17.647142,17.1,17.564285,15.246512,111956600
5/15/2009,17.474285,17.802856,17.372858,17.488571,15.180794,91891800
5/18/2009,17.675714,18.1,17.367144,18.092857,15.70534,114710400
5/19/2009,18.117144,18.472857,17.962856,18.207144,15.804546,93105600
5/20/2009,18.232857,18.45857,17.9,17.981428,15.608617,97146000
5/21/2009,17.878571,18.111429,17.555714,17.74,15.399039,101986500
5/22/2009,17.721428,17.74,17.392857,17.5,15.190715,74499600
5/26/2009,17.822857,18.690001,17.792856,18.682858,16.217484,159231800
5/27/2009,18.825714,19.282858,18.701429,19.007143,16.498974,161605500
5/28/2009,19.064285,19.341429,18.861429,19.295713,16.749466,121888200
5/29/2009,19.341429,19.414286,19.121429,19.401428,16.841228,114133600
6/1/2009,19.495714,19.998571,19.428572,19.907143,17.280214,113124900
6/2/2009,19.855715,20.191429,19.764286,19.927143,17.297573,114055900
6/3/2009,20,20.158571,19.867144,20.135714,17.478619,141299900
6/4/2009,20.018572,20.597143,20.005714,20.534286,17.824598,137658500
6/5/2009,20.758572,20.914286,20.45857,20.667143,17.939924,158179000
6/8/2009,20.545713,20.604286,19.918571,20.549999,17.83824,232913100
6/9/2009,20.544285,20.651428,20.078571,20.388571,17.698111,169241100
6/10/2009,20.325714,20.335714,19.757143,20.035715,17.391817,172155900
6/11/2009,19.935715,20.222857,19.792856,19.992857,17.354616,131205900
6/12/2009,19.83,19.871429,19.434286,19.567142,16.985075,140771400
6/15/2009,19.43,19.561428,19.27,19.441429,16.875957,134937600
6/16/2009,19.522858,19.781429,19.442858,19.478571,16.908199,128701300
6/17/2009,19.524286,19.635714,19.218571,19.368572,16.812714,142853200
6/18/2009,19.444286,19.714285,19.370001,19.411428,16.849905,106920100
6/19/2009,19.724285,19.928572,19.557142,19.925714,17.296333,180464200
6/22/2009,20.095715,20.222857,19.475714,19.624287,17.034685,158728500
6/23/2009,19.485714,19.564285,18.982857,19.144285,16.618023,176633100
6/24/2009,19.345715,19.642857,19.265715,19.459999,16.892076,121381400
6/25/2009,19.392857,20.028572,19.315714,19.98,17.343454,147361900
6/26/2009,19.969999,20.508572,19.962856,20.348572,17.663389,109846100
6/29/2009,20.494286,20.564285,20.219999,20.281429,17.60511,141904000
6/30/2009,20.368572,20.542856,20.257143,20.347143,17.662148,108556000
7/1/2009,20.5,20.665714,20.360001,20.404285,17.711756,103544700
7/2/2009,20.178572,20.404285,19.969999,20.002857,17.363295,92619800
7/6/2009,19.814285,19.855715,19.464285,19.801428,17.188444,124672100
7/7/2009,19.782858,19.954287,19.311428,19.342857,16.790394,115399200
7/8/2009,19.417143,19.719999,19.202858,19.602858,17.016081,143982300
7/9/2009,19.68,19.712856,19.418571,19.48,16.909433,85756300
7/10/2009,19.477142,19.852858,19.474285,19.788572,17.177294,111318900
7/13/2009,19.934286,20.334286,19.647142,20.334286,17.650986,120875300
7/14/2009,20.290001,20.454287,20.165714,20.324286,17.642317,86811900
7/15/2009,20.719999,21,20.617144,20.982857,18.213978,121396800
7/16/2009,20.822857,21.145714,20.795713,21.074286,18.293341,98392700
7/17/2009,21.297142,21.717142,21.232857,21.678572,18.817886,150538500
7/20/2009,21.895714,22.148571,21.555714,21.844286,18.961735,183881600
7/21/2009,21.898571,21.918571,21.392857,21.644285,18.788124,218695400
7/22/2009,22.54143,22.675714,22.301428,22.391428,19.43667,218526000
7/23/2009,22.375713,22.634285,22.222857,22.545713,19.570602,131740700
7/24/2009,22.421429,22.857143,22.357143,22.855715,19.839697,109590600
7/27/2009,22.881428,22.982857,22.465714,22.871429,19.853331,108327800
7/28/2009,22.697144,22.871429,22.514286,22.857143,19.840937,90888700
7/29/2009,22.700001,22.921429,22.607143,22.861429,19.844652,95539500
7/30/2009,23.1,23.531429,23.071428,23.255714,20.186916,117401200
7/31/2009,23.284286,23.571428,23.272858,23.341429,20.261314,105634200
8/3/2009,23.601429,23.805714,23.552856,23.775715,20.638292,98560000
8/4/2009,23.561428,23.652857,23.45857,23.65,20.529173,98952700
8/5/2009,23.678572,23.912857,23.45857,23.587143,20.474606,105795900
8/6/2009,23.654285,23.787144,23.298571,23.415714,20.325798,85404200
8/7/2009,23.641428,23.799999,23.542856,23.644285,20.5242,96838700
8/10/2009,23.665714,23.799999,23.379999,23.531429,20.426243,75073600
8/11/2009,23.384285,23.482857,23.125713,23.261429,20.191868,88835600
8/12/2009,23.221428,23.815714,23.20857,23.615715,20.499401,111267800
8/13/2009,23.807142,24.095715,23.785715,24.059999,20.885059,109995200
8/14/2009,23.991428,24.032858,23.647142,23.825714,20.681692,76454000
8/17/2009,23.364286,23.370001,22.774286,22.798571,19.790091,131095300
8/18/2009,23.09,23.462856,23.058571,23.428572,20.33695,107788100
8/19/2009,23.25,23.614286,23.207144,23.514286,20.411356,103317900
8/20/2009,23.568571,23.817142,23.515715,23.761429,20.625891,85507800
8/21/2009,23.950001,24.195715,23.828571,24.174286,20.984264,104018600
8/24/2009,24.302856,24.387142,24.038572,24.151428,20.964428,101732400
8/25/2009,24.20857,24.42,24.161428,24.200001,21.006588,81088700
8/26/2009,24.131428,24.221428,23.822857,23.915714,20.759817,75999700
8/27/2009,24.107143,24.224285,23.547142,24.207144,21.012787,112295400
8/28/2009,24.610001,24.641428,24.075714,24.292856,21.087187,113425200
8/31/2009,24.022858,24.121429,23.785715,24.030001,20.859028,77834400
9/1/2009,23.998571,24.285715,23.562857,23.614286,20.498159,117257000
9/2/2009,23.517143,23.944286,23.444286,23.597143,20.483286,91062300
9/3/2009,23.777143,23.871429,23.571428,23.792856,20.653173,73488800
9/4/2009,23.897142,24.385714,23.870001,24.33,21.119431,93657200
9/8/2009,24.711428,24.734285,24.571428,24.704287,21.44433,78761900
9/9/2009,24.682858,24.924286,24.242857,24.448572,21.222361,202771800
9/10/2009,24.58,24.75,24.401428,24.651428,21.398447,122783500
9/11/2009,24.701429,24.74,24.41,24.594286,21.348841,87240300
9/14/2009,24.404285,24.842857,24.321428,24.817142,21.542292,80502800
9/15/2009,24.862858,25.092857,24.798571,25.022858,21.720858,106617700
9/16/2009,25.427143,26.107143,25.411428,25.981428,22.552938,188505800
9/17/2009,25.997143,26.684286,25.995714,26.364286,22.885273,202643000
9/18/2009,26.547142,26.65,26.394285,26.431429,22.943558,150395700
9/21/2009,26.327143,26.451429,25.945715,26.288572,22.819557,109428900
9/22/2009,26.455715,26.482857,26.121429,26.354286,22.876595,89188400
9/23/2009,26.485714,26.985714,26.432858,26.5,23.003084,148390900
9/24/2009,26.742857,26.814285,26.110001,26.26,22.79475,137720100
9/25/2009,26.001429,26.5,25.92,26.052856,22.614941,111309800
9/28/2009,26.267143,26.668571,26.190001,26.592857,23.083687,84361200
9/29/2009,26.675714,26.771429,26.33,26.482857,22.988199,86346400
9/30/2009,26.59,26.635714,26.087143,26.478571,22.984482,134896300
10/1/2009,26.478571,26.602858,25.814285,25.837143,22.427689,131177900
10/2/2009,25.915714,26.562857,25.907143,26.414286,22.928679,138327000
10/5/2009,26.6,26.694286,26.324286,26.574286,23.067566,105783300
10/6/2009,26.82,27.144285,26.757143,27.144285,23.562346,151271400
10/7/2009,27.108572,27.221428,27.004286,27.178572,23.59211,116417000
10/8/2009,27.237143,27.35,26.984285,27.038572,23.470585,109552800
10/9/2009,26.995714,27.242857,26.945715,27.209999,23.619389,73318000
10/12/2009,27.288572,27.358572,27.091429,27.258572,23.661551,72006200
10/13/2009,27.232857,27.309999,27.1,27.145714,23.563583,87005100
10/14/2009,27.464285,27.474285,27.175714,27.327143,23.721075,93877700
10/15/2009,27.09,27.274286,27.075714,27.222857,23.630552,93389100
10/16/2009,27.049999,27.194286,26.834286,26.864286,23.319298,107856700
10/19/2009,26.835714,27.142857,26.507143,27.122858,23.543749,235557700
10/20/2009,28.657143,28.821428,28.264286,28.394285,24.647396,285259800
10/21/2009,28.502857,29.815714,28.461428,29.274286,25.411274,298431700
10/22/2009,29.242857,29.692858,28.93,29.314285,25.445997,197848000
10/23/2009,29.385714,29.4,29.032858,29.134285,25.289749,105196700
10/26/2009,29.095715,29.535715,28.585714,28.925714,25.1087,121084600
10/27/2009,28.808571,28.972857,28.064285,28.195715,24.475033,189137900
10/28/2009,28.244286,28.288572,27.299999,27.485714,23.858723,204596700
10/29/2009,27.857143,28.115715,27.448572,28.049999,24.348545,142567600
10/30/2009,28.008572,28.114286,26.881428,26.928572,23.375105,179381300
11/2/2009,27.114286,27.554285,26.51,27.044285,23.47555,169745800
11/3/2009,26.835714,27.074286,26.559999,26.964285,23.406101,130635400
11/4/2009,27.247143,27.692858,27.175714,27.258572,23.661551,121882600
11/5/2009,27.485714,27.857143,27.402857,27.718571,24.060852,96200300
11/6/2009,27.501429,27.884285,27.485714,27.762857,24.099289,73774400
11/9/2009,28.134285,28.842857,28.037144,28.780001,24.982216,132213900
11/10/2009,28.717142,29.282858,28.715714,28.997143,25.170704,100298800
11/11/2009,29.222857,29.285715,28.832857,29.035715,25.204182,110967500
11/12/2009,29.02,29.267143,28.775715,28.855715,25.047941,90932800
11/13/2009,28.981428,29.261429,28.867144,29.207144,25.352991,85810200
11/16/2009,29.354286,29.714285,29.287144,29.518572,25.623329,121301600
11/17/2009,29.440001,29.634285,29.285715,29.571428,25.66921,99128400
11/18/2009,29.505714,29.571428,29.142857,29.422857,25.540243,93580200
11/19/2009,29.23,29.23,28.542856,28.644285,24.864407,135581600
11/20/2009,28.450001,28.627142,28.251429,28.559999,24.791248,101666600
11/23/2009,29,29.428572,28.992857,29.411428,25.530319,118724200
11/24/2009,29.332857,29.411428,28.985714,29.205715,25.351749,79609600
11/25/2009,29.342857,29.378571,29.108572,29.17,25.320751,71613500
11/27/2009,28.459999,28.994286,28.338572,28.655714,24.874334,73814300
11/30/2009,28.73,28.811428,28.395714,28.558571,24.790003,106214500
12/1/2009,28.891428,28.967142,28.118572,28.138571,24.425434,116440800
12/2/2009,28.422857,28.774286,27.964285,28.032858,24.333666,178815000
12/3/2009,28.202858,28.425714,28.038572,28.068571,24.364672,112179900
12/4/2009,28.528572,28.554285,27.182858,27.617144,23.972807,206721200
12/7/2009,27.617144,27.681429,26.954287,26.992857,23.430906,178689700
12/8/2009,27.051428,27.478571,26.957144,27.124287,23.544985,172599700
12/9/2009,27.325714,28.308571,27.187143,28.257143,24.528355,171195500
12/10/2009,28.5,28.528572,28.017143,28.061428,24.358463,122417400
12/11/2009,28.254286,28.285715,27.632856,27.809999,24.140215,107443700
12/14/2009,27.91,28.204287,27.508572,28.139999,24.42667,123947600
12/15/2009,27.975714,28.215714,27.610001,27.738571,24.078217,104864900
12/16/2009,27.871429,28.071428,27.792856,27.861429,24.184849,88246200
12/17/2009,27.751429,27.857143,27.285715,27.408571,23.791759,97209700
12/18/2009,27.595715,27.928572,27.514286,27.918571,24.234463,152192600
12/21/2009,28.007143,28.535715,27.952858,28.318571,24.581676,152976600
12/22/2009,28.491428,28.692858,28.379999,28.622858,24.845806,87378900
12/23/2009,28.742857,28.911428,28.687143,28.871429,25.061577,86381400
12/24/2009,29.078571,29.907143,29.049999,29.862858,25.922182,125222300
12/28/2009,30.245714,30.564285,29.944286,30.23,26.240877,161141400
12/29/2009,30.375713,30.388571,29.818571,29.871429,25.929619,111301400
12/30/2009,29.832857,30.285715,29.758572,30.234285,26.244589,103021100
12/31/2009,30.447144,30.478571,30.08,30.104286,26.131752,88102700
1/4/2010,30.49,30.642857,30.34,30.572857,26.538483,123432400
1/5/2010,30.657143,30.798571,30.464285,30.625713,26.584366,150476200
1/6/2010,30.625713,30.747143,30.107143,30.138571,26.161509,138040000
1/7/2010,30.25,30.285715,29.864286,30.082857,26.113146,119282800
1/8/2010,30.042856,30.285715,29.865715,30.282858,26.286753,111902700
1/11/2010,30.4,30.428572,29.778572,30.015715,26.054865,115557400
1/12/2010,29.884285,29.967142,29.488571,29.674286,25.758488,148614900
1/13/2010,29.695715,30.132856,29.157143,30.092857,26.121826,151473000
1/14/2010,30.015715,30.065714,29.860001,29.918571,25.970547,108223500
1/15/2010,30.132856,30.228571,29.41,29.418571,25.53652,148516900
1/19/2010,29.761429,30.741428,29.605715,30.719999,26.666212,182501900
1/20/2010,30.701429,30.792856,29.928572,30.247143,26.255753,153038200
1/21/2010,30.297142,30.472857,29.601429,29.724285,25.801886,152038600
1/22/2010,29.540001,29.642857,28.165714,28.25,24.52215,220441900
1/25/2010,28.93,29.242857,28.598572,29.01,25.181866,266424900
1/26/2010,29.421429,30.530001,28.940001,29.42,25.53776,466777500
1/27/2010,29.549999,30.082857,28.504286,29.697144,25.77833,430642100
1/28/2010,29.275715,29.357143,28.385714,28.469999,24.713123,293375600
1/29/2010,28.725714,28.885714,27.178572,27.437143,23.816572,311488100
2/1/2010,27.481428,28,27.328571,27.818571,24.147655,187469100
2/2/2010,27.987143,28.045713,27.625713,27.98,24.287779,174585600
2/3/2010,27.881428,28.6,27.774286,28.461428,24.705675,153832000
2/4/2010,28.104286,28.338572,27.367144,27.435715,23.815323,189413000
2/5/2010,27.518572,28,27.264286,27.922857,24.23818,212576700
2/8/2010,27.955715,28.268572,27.714285,27.731428,24.07201,119567700
2/9/2010,28.059999,28.214285,27.821428,28.027143,24.328703,158221700
2/10/2010,27.984285,28.085714,27.751429,27.874287,24.196022,92590400
2/11/2010,27.84,28.535715,27.722857,28.381428,24.636232,137586400
2/12/2010,28.301428,28.805714,27.928572,28.625713,24.848288,163867200
2/16/2010,28.848572,29.098572,28.788572,29.057142,25.222784,135934400
2/17/2010,29.17,29.187143,28.694286,28.935715,25.11738,109099200
2/18/2010,28.804285,29.127142,28.702858,28.99,25.164499,105706300
2/19/2010,28.837143,29.028572,28.73,28.809999,25.008259,103867400
2/22/2010,28.905714,28.928572,28.455715,28.631428,24.853251,97640900
2/23/2010,28.571428,28.761429,27.95857,28.151428,24.436592,143773700
2/24/2010,28.318571,28.777143,28.262857,28.665714,24.883013,115141600
2/25/2010,28.197144,28.98,28.127142,28.857143,25.049177,166281500
2/26/2010,28.911428,29.309999,28.857143,29.231428,25.374073,126865200
3/1/2010,29.392857,29.928572,29.35,29.855715,25.915976,137523400
3/2/2010,29.99,30.118572,29.677143,29.835714,25.898617,141636600
3/3/2010,29.848572,29.981428,29.705715,29.904285,25.958138,93013200
3/4/2010,29.897142,30.131428,29.804285,30.101429,26.129267,91510300
3/5/2010,30.705715,31.385714,30.661428,31.278572,27.151081,224905100
3/8/2010,31.43,31.441429,31.178572,31.297142,27.167196,107472400
3/9/2010,31.187143,32.142857,31.127142,31.860001,27.655781,230064800
3/10/2010,31.975714,32.21143,31.885714,32.119999,27.881474,149054500
3/11/2010,31.987143,32.214287,31.902857,32.214287,27.96332,101425100
3/12/2010,32.48143,32.532856,32.25,32.371429,28.099728,104080900
3/15/2010,32.197144,32.214287,31.464285,31.977142,27.757462,123375700
3/16/2010,32.025715,32.139999,31.787144,32.064285,27.833111,111727000
3/17/2010,32.128571,32.349998,31.895714,32.017143,27.792187,112739200
3/18/2010,32.014286,32.142857,31.801428,32.092857,27.857908,85527400
3/19/2010,32.112858,32.177143,31.604286,31.75,27.560299,139861400
3/22/2010,31.495714,32.285713,31.450001,32.107143,27.870312,114104900
3/23/2010,32.234287,32.682858,32.014286,32.622856,28.317976,150607800
3/24/2010,32.52,32.885715,32.501427,32.767143,28.443213,149445100
3/25/2010,32.988571,32.995716,32.32143,32.378571,28.105921,135571100
3/26/2010,32.707142,33.135715,32.650002,32.985714,28.632942,160218800
3/29/2010,33.285713,33.41,33.08857,33.19857,28.817705,135186100
3/30/2010,33.799999,33.925713,33.464287,33.692856,29.246777,131827500
3/31/2010,33.64143,33.80143,33.494286,33.57143,29.141371,107664900
4/1/2010,33.915714,34.104286,33.25,33.709999,29.261658,150786300
4/5/2010,33.568573,34.072857,33.53857,34.07,29.574146,171126900
4/6/2010,34.028572,34.32,33.857143,34.220001,29.704361,111754300
4/7/2010,34.221428,34.560001,34.094284,34.371429,29.8358,157125500
4/8/2010,34.348572,34.505714,34.005714,34.278572,29.755198,143247300
4/9/2010,34.490002,34.555714,34.351429,34.541428,29.983374,83545700
4/12/2010,34.599998,34.724285,34.544285,34.612858,30.045366,83256600
4/13/2010,34.55143,34.685715,34.444286,34.632858,30.062731,76552700
4/14/2010,35.040001,35.115715,34.867142,35.098572,30.466986,101019100
4/15/2010,35.111427,35.575714,35.072857,35.560001,30.867535,94196200
4/16/2010,35.509998,35.877144,34.935715,35.342857,30.679043,187636400
4/19/2010,35.290001,35.412857,34.53857,35.295715,30.638123,141731100
4/20/2010,35.505714,35.607143,34.708572,34.941429,30.330585,184581600
4/21/2010,36.971428,37.17857,36.532856,37.031429,32.144798,245597800
4/22/2010,36.89143,38.107143,36.599998,38.067142,33.043835,198356200
4/23/2010,38.284286,38.882858,38.142857,38.689999,33.584499,199238900
4/26/2010,38.84,38.922855,38.312859,38.5,33.419579,119767200
4/27/2010,38.181427,38.262856,37.217144,37.434284,32.494484,177335900
4/28/2010,37.607143,37.714287,36.630001,37.371429,32.439926,189600600
4/29/2010,37.574287,38.57143,37.43,38.377144,33.312931,139710200
4/30/2010,38.472858,38.652859,37.285713,37.298573,32.376675,135615900
5/3/2010,37.691429,38.26857,37.554287,38.049999,33.028946,113585500
5/4/2010,37.555714,37.612858,36.67857,36.954285,32.077824,180954900
5/5/2010,36.147144,36.877144,35.532856,36.57,31.744251,220775800
5/6/2010,36.261429,36.892857,28.464285,35.17857,30.536434,321465200
5/7/2010,34.815716,35.224285,32.172855,33.694286,29.248018,419004600
5/10/2010,35.75,36.378571,35.504284,36.284286,31.496237,246076600
5/11/2010,35.977142,37.127144,35.785713,36.645714,31.809975,212226700
5/12/2010,37.034286,37.59,36.957142,37.441429,32.500687,163594900
5/13/2010,37.602856,37.857143,36.628571,36.908573,32.038147,149928100
5/14/2010,36.451427,36.639999,35.642857,36.259998,31.475155,189840700
5/17/2010,36.385715,36.597141,35.387142,36.317142,31.524761,190708700
5/18/2010,36.71143,36.935715,35.751427,36.05143,31.294094,195669600
5/19/2010,35.642857,36.131428,34.978573,35.477142,30.79561,256431700
5/20/2010,34.554287,34.835712,33.744286,33.965714,29.483631,320728800
5/21/2010,33.259998,34.92857,33.049999,34.617142,30.049093,305972800
5/24/2010,35.325714,35.842857,35.18,35.251427,30.59968,188559700
5/25/2010,34.192856,35.251427,33.880001,35.031429,30.40872,262001600
5/26/2010,35.725716,36.01857,34.82143,34.872856,30.271061,212663500
5/27/2010,35.799999,36.27,35.587143,36.192856,31.416882,166570600
5/28/2010,37.055714,37.057144,36.192856,36.697144,31.854618,203903700
6/1/2010,37.098572,37.991428,36.994286,37.261429,32.344444,219118200
6/2/2010,37.791428,37.828571,37.189999,37.707142,32.731339,172137000
6/3/2010,37.882858,37.935715,37.201427,37.58857,32.62841,162526700
6/4/2010,36.887142,37.414288,36.375713,36.565716,31.740519,189576100
6/7/2010,36.898571,37.021427,35.792858,35.848572,31.118025,221735500
6/8/2010,36.177143,36.257141,35.092857,35.618572,30.918377,250192600
6/9/2010,35.924286,35.985714,34.64143,34.742859,30.158216,213657500
6/10/2010,34.977142,35.854286,34.599998,35.787144,31.064703,194089000
6/11/2010,35.46143,36.265713,35.33857,36.215714,31.436712,136439800
6/14/2010,36.565716,37.021427,36.287144,36.325714,31.532217,150740100
6/15/2010,36.52,37.121429,36.5,37.098572,32.203079,146268500
6/16/2010,37.299999,38.25,37.232857,38.17857,33.140556,195919500
6/17/2010,38.657143,38.985714,38.5,38.83857,33.713467,218213800
6/18/2010,38.892857,39.285713,38.774284,39.152859,33.986275,196155400
6/21/2010,39.669998,39.85857,38.389999,38.595715,33.502659,194122600
6/22/2010,38.880001,39.424286,38.785713,39.121429,33.958992,179315500
6/23/2010,39.225716,39.237144,38.271427,38.709999,33.60186,192114300
6/24/2010,38.714287,39.028572,38.299999,38.42857,33.357574,178569300
6/25/2010,38.580002,38.610001,37.972858,38.099998,33.072357,137485600
6/28/2010,38.132858,38.535713,37.78857,38.328571,33.27076,146237000
6/29/2010,37.73143,37.77,36.328571,36.595715,31.766567,283336200
6/30/2010,36.672855,36.852856,35.715714,35.932858,31.191195,184863000
7/1/2010,36.328571,36.400002,34.745716,35.497143,30.812979,255724000
7/2/2010,35.784286,35.847141,34.742859,35.277142,30.622002,173460700
7/6/2010,35.857143,36.114285,35.165714,35.51857,30.831568,153808900
7/7/2010,35.784286,36.967144,35.67857,36.952858,32.076584,163639000
7/8/2010,37.497143,37.557144,36.412857,36.869999,32.004673,184536100
7/9/2010,36.69857,37.128571,36.451427,37.08857,32.194393,108330600
7/12/2010,36.932858,37.407143,36.408573,36.755714,31.905466,140719600
7/13/2010,36.617142,36.628571,35.204285,35.971428,31.224661,297731000
7/14/2010,35.625713,36.542858,35.57143,36.104286,31.340002,203011900
7/15/2010,35.46143,36.709999,35.328571,35.921429,31.181261,206216500
7/16/2010,36.168571,36.424286,35.487144,35.700001,30.989067,259964600
7/19/2010,35.697144,35.697144,34.228573,35.082859,30.453362,256119500
7/20/2010,34.700001,36.128571,34.287144,35.984287,31.235825,268737700
7/21/2010,37.869999,37.878571,36.285713,36.32,31.527237,296417800
7/22/2010,36.811428,37.142857,36.472858,37.002857,32.119995,161329700
7/23/2010,36.727142,37.197144,36.611427,37.134285,32.234066,133347200
7/26/2010,37.142857,37.157143,36.815716,37.040001,32.152225,105137900
7/27/2010,37.267143,37.828571,37.185715,37.725716,32.747456,146192900
7/28/2010,37.667141,37.998573,37.17857,37.279999,32.360546,129996300
7/29/2010,37.244286,37.521427,36.585712,36.872856,32.007141,160951700
7/30/2010,36.555714,37.099998,36.414288,36.75,31.900509,112052500
8/2/2010,37.205715,37.512856,37.08857,37.407143,32.470921,107013900
8/3/2010,37.287144,37.60857,37.060001,37.418571,32.480846,104413400
8/4/2010,37.548573,37.754284,37.187141,37.568573,32.611069,105093800
8/5/2010,37.389999,37.597141,37.221428,37.385715,32.45232,72274300
8/6/2010,37.111427,37.355713,36.804287,37.155716,32.25267,111224400
8/9/2010,37.354286,37.450001,37.081429,37.392857,32.458527,75782000
8/10/2010,37.121429,37.207142,36.792858,37.058571,32.168362,112980000
8/11/2010,36.485714,36.527142,35.687141,35.741428,31.025017,155013600
8/12/2010,35.241428,36.157143,35.16,35.970001,31.223429,133730100
8/13/2010,35.950001,35.982857,35.584286,35.585712,30.889847,88717300
8/16/2010,35.368572,35.715714,35.23143,35.377144,30.708807,79607500
8/17/2010,35.725716,36.375713,35.599998,35.995716,31.24575,105660100
8/18/2010,36.05143,36.381428,35.939999,36.152859,31.382154,84924000
8/19/2010,36.119999,36.21143,35.525715,35.697144,30.986586,106676500
8/20/2010,35.627144,36.274284,35.57143,35.662857,30.95681,96057500
8/23/2010,35.970001,36,35.035713,35.114285,30.480627,103510400
8/24/2010,34.667141,34.714287,34.092857,34.275715,29.752724,150641400
8/25/2010,34.005714,34.855713,33.885715,34.69857,30.11978,149216900
8/26/2010,35.064285,35.107143,34.325714,34.325714,29.796118,116626300
8/27/2010,34.535713,34.658573,33.651428,34.517143,29.96229,137097800
8/30/2010,34.394287,35.107143,34.382858,34.642857,30.071411,95822300
8/31/2010,34.549999,34.937141,34.335712,34.728573,30.145821,105196700
9/1/2010,35.352856,35.922855,35.182858,35.761429,31.042374,174259400
9/2/2010,35.894287,36.024284,35.509998,36.024284,31.270548,103856900
9/3/2010,36.441429,36.968571,36.357143,36.967144,32.088993,130197200
9/7/2010,36.662857,37.075714,36.607143,36.830002,31.969942,85639400
9/8/2010,37.111427,37.77,37.014286,37.560001,32.603619,131637800
9/9/2010,37.862858,38.074287,37.560001,37.581429,32.622215,109643800
9/10/2010,37.598572,37.785713,37.342857,37.630001,32.664379,96885600
9/13/2010,37.974285,38.325714,37.965714,38.148571,33.114513,97195000
9/14/2010,38.029999,38.452858,37.931427,38.294285,33.24099,102037600
9/15/2010,38.310001,38.625713,38.262856,38.602856,33.508862,107342200
9/16/2010,38.605713,39.524284,38.5,39.509998,34.296291,163025800
9/17/2010,39.669998,39.708572,39.097141,39.33857,34.147488,158619300
9/20/2010,39.439999,40.540001,39.407143,40.46143,35.122169,164669400
9/21/2010,40.55143,41.049999,40.398571,40.53857,35.189137,167018600
9/22/2010,40.387142,41.139999,40.344284,41.107143,35.682678,146322400
9/23/2010,40.904285,41.822857,40.857143,41.274284,35.827755,196529200
9/24/2010,41.728573,41.932858,41.507141,41.759998,36.249378,162372000
9/27/2010,41.997143,42.104286,41.572857,41.594284,36.105537,120708700
9/28/2010,41.681427,41.681427,39.285713,40.98,35.572304,258760600
9/29/2010,41.032856,41.401428,40.857143,41.052856,35.635555,117411000
9/30/2010,41.285713,41.42857,40.17857,40.535713,35.186657,168347900
10/1/2010,40.878571,40.939999,40.192856,40.360001,35.03413,112035700
10/4/2010,40.228573,40.414288,39.681427,39.805714,34.552975,108825500
10/5/2010,40.285713,41.349998,40.259998,41.277142,35.83025,125491800
10/6/2010,41.369999,41.712856,40.751427,41.312859,35.861256,167717200
10/7/2010,41.477142,41.497143,40.987144,41.317142,35.864967,102099900
10/8/2010,41.672855,42.07143,41.42857,42.009998,36.466404,164600800
10/11/2010,42.105713,42.462856,42.085712,42.194286,36.626366,106938300
10/12/2010,42.201427,42.785713,41.784286,42.648571,37.020699,139636000
10/13/2010,42.885715,43.137142,42.828571,42.877144,37.219105,157523100
10/14/2010,43.098572,43.209999,42.914288,43.187141,37.488209,108824100
10/15/2010,43.919998,45,43.558571,44.962856,39.029591,230548500
10/18/2010,45.495716,45.57143,44.898571,45.42857,39.433857,273252700
10/19/2010,43.342857,44.824287,42.860001,44.212856,38.378567,308196000
10/20/2010,44.142857,44.892857,43.83857,44.361427,38.507534,180406100
10/21/2010,44.622856,44.962856,43.828571,44.217144,38.382286,137865000
10/22/2010,44.152859,44.291428,43.757141,43.924286,38.128075,93194500
10/25/2010,44.155716,44.514286,44.062859,44.119999,38.297962,98115500
10/26/2010,43.83857,44.248573,43.664288,44.007141,38.199986,98232400
10/27/2010,43.950001,44.271427,43.657143,43.975716,38.17271,99750700
10/28/2010,43.992859,44,42.985714,43.605713,37.85154,137762800
10/29/2010,43.46143,43.697144,42.98143,42.997143,37.32328,107627800
11/1/2010,43.174286,43.657143,43.171429,43.454285,37.720089,105972300
11/2/2010,43.857143,44.312859,43.857143,44.194286,38.362438,108482500
11/3/2010,44.48143,44.697144,44.075714,44.685715,38.789024,127087100
11/4/2010,45.064285,45.740002,45.004284,45.467144,39.467331,160622000
11/5/2010,45.427143,45.652859,45.25,45.304287,39.325974,90313300
11/8/2010,45.314285,45.681427,45.251427,45.517143,39.510738,70439600
11/9/2010,45.864285,45.900002,44.92857,45.154285,39.195766,95886000
11/10/2010,45.234287,45.53857,44.792858,45.432858,39.437569,96056800
11/11/2010,45,45.485714,44.892857,45.235714,39.266441,90321000
11/12/2010,45.142857,45.214287,43.375713,44.004284,38.197517,198961700
11/15/2010,44.065716,44.362858,43.752857,43.862858,38.074757,100901500
11/16/2010,43.674286,43.942856,42.759998,43.084286,37.398918,164412500
11/17/2010,43.028572,43.427143,42.537144,42.92857,37.263741,119862400
11/18/2010,43.599998,44.238571,43.527142,44.061428,38.247131,123622800
11/19/2010,43.995716,44.057144,43.605713,43.818573,38.03632,96210800
11/22/2010,43.811428,44.765713,43.695713,44.765713,38.858463,98268800
11/23/2010,44.349998,44.535713,43.794285,44.104286,38.284325,129861900
11/24/2010,44.57143,45.057144,44.535713,44.971428,39.037033,103431300
11/26/2010,44.82,45.385715,44.705715,45,39.06184,59396400
11/29/2010,45.07143,45.354286,44.482857,45.267143,39.293724,111446300
11/30/2010,44.791428,44.908573,44.41,44.450001,38.584427,125464500
12/1/2010,45.03857,45.392857,45,45.200001,39.235447,115437700
12/2/2010,45.361427,45.57143,44.984287,45.450001,39.452446,115709300
12/3/2010,45.287144,45.521427,45.191429,45.348572,39.364422,85523200
12/6/2010,45.52,46.047142,45.488571,45.735714,39.700459,112120400
12/7/2010,46.257141,46.284286,45.445713,45.458572,39.459904,97863500
12/8/2010,45.66143,45.860001,45.30143,45.85857,39.807106,80483900
12/9/2010,46.01857,46.07143,45.574287,45.68,39.652103,73537800
12/10/2010,45.664288,45.864285,45.514286,45.794285,39.751312,65627800
12/13/2010,46.33857,46.437141,45.857143,45.952858,39.888969,109953900
12/14/2010,45.96143,46.077145,45.57143,45.755714,39.717827,87752000
12/15/2010,45.714287,46.142857,45.598572,45.765713,39.726505,104328000
12/16/2010,45.869999,46.087143,45.728573,45.892857,39.836876,80507700
12/17/2010,45.947144,45.970001,45.747143,45.80143,39.757511,96732300
12/20/2010,45.942856,46.17857,45.46143,46.029999,39.955917,96402600
12/21/2010,46.142857,46.341427,46.007141,46.314285,40.202682,64088500
12/22/2010,46.337143,46.531429,46.221428,46.451427,40.321732,66480400
12/23/2010,46.42857,46.450001,46.167141,46.228573,40.128281,55789300
12/27/2010,46.121429,46.491428,45.931427,46.382858,40.262222,62454000
12/28/2010,46.558571,46.665714,46.437141,46.495716,40.36018,43981000
12/29/2010,46.602856,46.635715,46.442856,46.470001,40.337868,40784800
12/30/2010,46.497143,46.501427,46.150002,46.237144,40.135727,39373600
12/31/2010,46.135715,46.21143,45.901428,46.080002,39.999332,48377000
1/3/2011,46.52,47.18,46.405716,47.081429,40.868607,111284600
1/4/2011,47.491428,47.5,46.878571,47.327145,41.081905,77270200
1/5/2011,47.078571,47.762856,47.07143,47.714287,41.417946,63879900
1/6/2011,47.817142,47.892857,47.557144,47.675713,41.384472,75107200
1/7/2011,47.712856,48.049999,47.414288,48.017143,41.680836,77982800
1/10/2011,48.404285,49.032856,48.167141,48.921429,42.465801,112140000
1/11/2011,49.26857,49.279999,48.495716,48.805714,42.365356,111027000
1/12/2011,49.035713,49.204285,48.857143,49.202858,42.710087,75647600
1/13/2011,49.308571,49.52,49.121429,49.382858,42.866333,74195100
1/14/2011,49.412857,49.782856,49.205715,49.782856,43.213539,77210000
1/18/2011,47.074287,49.251427,46.57143,48.664288,42.242584,470249500
1/19/2011,49.764286,49.799999,48.125713,48.405716,42.018139,283903200
1/20/2011,48.061428,48.328571,47.16,47.525715,41.254253,191197300
1/21/2011,47.681427,47.84,46.66143,46.674286,40.515182,188600300
1/24/2011,46.695713,48.207142,46.674286,48.207142,41.845764,143670800
1/25/2011,48.047142,48.777142,47.795715,48.771427,42.335587,136717000
1/26/2011,48.994286,49.371429,48.785713,49.121429,42.6394,126718900
1/27/2011,49.111427,49.241428,48.975716,49.029999,42.560047,71256500
1/28/2011,49.167141,49.200001,47.647144,48.014286,41.67836,148014300
1/31/2011,47.971428,48.577145,47.757141,48.474285,42.077667,94311700
2/1/2011,48.757141,49.378571,48.71143,49.290001,42.785728,106658300
2/2/2011,49.207142,49.32143,49.078571,49.188572,42.697681,64738800
2/3/2011,49.114285,49.177143,48.364285,49.062859,42.588566,98449400
2/4/2011,49.091427,49.528572,49.072857,49.5,42.968014,80460100
2/7/2011,49.69857,50.464287,49.662857,50.26857,43.635162,121255400
2/8/2011,50.525715,50.78857,50.307144,50.742859,44.046871,95260200
2/9/2011,50.741428,51.285713,50.695713,51.165714,44.413921,120686300
2/10/2011,51.055714,51.42857,49.714287,50.648571,43.965027,232137500
2/11/2011,50.67857,51.114285,50.505714,50.978573,44.251488,91893200
2/14/2011,50.970001,51.354286,50.958572,51.311428,44.540417,77604100
2/15/2011,51.312859,51.424286,51.078571,51.414288,44.629704,71043700
2/16/2011,51.542858,52.128571,51.5,51.875713,45.030228,120289400
2/17/2011,51.035713,51.467144,50.931427,51.185715,44.431282,132645800
2/18/2011,51.244286,51.357143,49.931427,50.080002,43.471489,204014300
2/22/2011,48.878571,49.342857,48.245716,48.372856,41.989628,218138900
2/23/2011,48.395714,49.234287,48.372856,48.945713,42.486877,167963600
2/24/2011,49.145714,49.307144,48.33857,48.982857,42.519115,124975200
2/25/2011,49.322857,49.775715,49.257141,49.737144,43.173874,95004700
2/28/2011,50.177143,50.721428,50.16,50.458572,43.80011,100768500
3/1/2011,50.781429,50.817142,49.668571,49.901428,43.31649,114034200
3/2/2011,49.994286,50.621429,49.771427,50.302856,43.664936,150647700
3/3/2011,51.027142,51.398571,50.845715,51.365715,44.587532,125197100
3/4/2011,51.438572,51.470001,51.107143,51.42857,44.642105,113316700
3/7/2011,51.628571,51.667141,50.187141,50.765713,44.066708,136530800
3/8/2011,50.701427,51.057144,50.32143,50.822857,44.116322,89079200
3/9/2011,50.669998,50.68,50.085712,50.352856,43.708332,113326500
3/10/2011,49.874287,49.967144,49.271427,49.524284,42.989105,126884800
3/11/2011,49.332859,50.331429,49.285713,50.284286,43.648811,117770100
3/14/2011,50.454285,50.925713,50.187141,50.508572,43.843502,108989300
3/15/2011,48.871429,49.691429,48.585712,49.347141,42.835327,180270300
3/16/2011,48.857143,49,46.60857,47.144287,40.923168,290502800
3/17/2011,48.118572,48.515713,47.237144,47.805714,41.497299,164855600
3/18/2011,48.16143,48.314285,47.142857,47.238571,41.005005,188303500
3/21/2011,47.998573,48.534286,47.894287,48.471428,42.075172,102350500
3/22/2011,48.937141,48.945713,48.44857,48.742859,42.310795,81480700
3/23/2011,48.468571,48.602856,47.992859,48.455715,42.061539,93249100
3/24/2011,48.835712,49.42857,48.408573,49.281429,42.778301,101178000
3/25/2011,49.724285,50.294285,49.574287,50.220001,43.593014,112227500
3/28/2011,50.450001,50.617142,50.062859,50.062859,43.4566,77338800
3/29/2011,49.665714,50.137142,49.437141,50.137142,43.521084,88225200
3/30/2011,50.091427,50.125713,49.634285,49.804287,43.232166,82351500
3/31/2011,49.48,49.971428,49.437141,49.787144,43.217266,68504800
4/1/2011,50.158573,50.227142,49.042858,49.222858,42.727455,104665400
4/4/2011,49.187141,49.228573,48.342857,48.741428,42.309559,115021200
4/5/2011,48.14143,48.892857,48,48.412857,42.02433,120682800
4/6/2011,48.745716,49.128571,48.162857,48.291428,41.918922,100634800
4/7/2011,48.299999,48.632858,48.004284,48.297142,41.923889,93361800
4/8/2011,48.560001,48.592857,47.707142,47.865715,41.549393,94383800
4/11/2011,47.722858,47.952858,47.145714,47.257141,41.021122,99736700
4/12/2011,47.212856,47.675713,47.171429,47.485714,41.21954,106409800
4/13/2011,47.860001,48.02,47.502857,48.01857,41.682083,86555000
4/14/2011,47.828571,48,47.437141,47.488571,41.222008,75450200
4/15/2011,47.614285,47.662857,46.685715,46.779999,40.606956,113401400
4/18/2011,46.585712,47.46143,45.737144,47.407143,41.151344,152474700
4/19/2011,47.585712,48.282856,47.387142,48.265713,41.896595,104844600
4/20/2011,49.072857,49.392857,48.785713,48.915714,42.460835,175166600
4/21/2011,50.714287,50.732857,49.78857,50.099998,43.488838,188452600
4/25/2011,50.048573,50.535713,50.042858,50.43,43.775299,66636500
4/26/2011,50.517143,50.712856,49.907143,50.060001,43.454128,84700000
4/27/2011,50.32,50.335712,49.585712,50.021427,43.420639,89053300
4/28/2011,49.455715,49.964287,49.360001,49.535713,42.999016,90239800
4/29/2011,49.540001,50.564285,49.524284,50.01857,43.418163,251586300
5/2/2011,49.962856,50.067142,49.357143,49.468571,42.940742,110678400
5/3/2011,49.712856,49.984287,49.374287,49.742859,43.178841,78337000
5/4/2011,49.751427,50.261429,49.554287,49.938572,43.348713,97312600
5/5/2011,49.771427,50.135715,49.435715,49.535713,42.999016,83992300
5/6/2011,49.955715,50,49.458572,49.522858,42.987865,70033600
5/9/2011,49.694286,49.885715,49.504284,49.657143,43.10442,51186800
5/10/2011,49.841427,49.955715,49.522858,49.921429,43.333847,70522900
5/11/2011,49.860001,50,49.32,49.604286,43.058548,84000000
5/12/2011,49.445713,49.58857,48.895714,49.509998,42.976707,80500000
5/13/2011,49.380001,49.464287,48.621429,48.642857,42.223976,81529000
5/16/2011,48.457142,48.745716,47.514286,47.614285,41.331146,112443800
5/17/2011,47.42857,48.02,47.247143,48.02,41.683311,113083600
5/18/2011,48.067142,48.721428,48,48.552856,42.145863,83694100
5/19/2011,48.868572,48.915714,48.381428,48.647144,42.227695,65292500
5/20/2011,48.508572,48.707142,47.860001,47.888573,41.569229,84492100
5/23/2011,47.138573,47.997143,47.060001,47.771427,41.467552,95900000
5/24/2011,47.92857,47.985714,47.334286,47.455715,41.193508,80481800
5/25/2011,47.632858,48.365715,47.549999,48.111427,41.762676,73556000
5/26/2011,47.995716,48.127144,47.775715,47.857143,41.541943,55640200
5/27/2011,47.828571,48.232857,47.758572,48.201427,41.840813,50899800
5/31/2011,48.728573,49.689999,48.714287,49.689999,43.132942,104438600
6/1/2011,49.83857,50.304287,49.235714,49.35857,42.845253,138670700
6/2/2011,49.5,49.71143,49.185715,49.442856,42.9184,84695800
6/3/2011,49.025715,49.332859,48.85857,49.062859,42.588566,78312500
6/6/2011,49.385715,49.578571,48.258572,48.291428,41.918922,115485300
6/7/2011,48.310001,48.317142,47.414288,47.434284,41.174892,132446300
6/8/2011,47.397144,47.828571,47.235714,47.462856,41.199699,83430900
6/9/2011,47.607143,47.667141,47.25,47.355713,41.106689,68772200
6/10/2011,47.221428,47.380001,46.501427,46.557144,40.413494,108488800
6/13/2011,46.742859,46.901428,46.438572,46.657143,40.500301,82368300
6/14/2011,47.142857,47.607143,47.044285,47.491428,41.224503,83642300
6/15/2011,47.107143,47.185715,46.41143,46.67857,40.518898,99799000
6/16/2011,46.700001,46.954285,45.475716,46.451427,40.321732,127647800
6/17/2011,46.998573,47.035713,45.622856,45.751427,39.7141,153755000
6/20/2011,45.337143,45.385715,44.357143,45.045715,39.101521,160161400
6/21/2011,45.240002,46.542858,45.028572,46.471428,40.339096,123345600
6/22/2011,46.451427,46.985714,46.054287,46.087143,40.00552,97645800
6/23/2011,45.562859,47.384285,45.445713,47.318573,41.074451,139939800
6/24/2011,47.33857,47.592857,46.441429,46.621429,40.469303,109951800
6/27/2011,46.798573,47.700001,46.75,47.434284,41.174892,84953400
6/28/2011,47.664288,48.099998,47.634285,47.894287,41.574192,73574900
6/29/2011,48.005714,48.052856,47.41143,47.720001,41.422905,88136300
6/30/2011,47.814285,48.01857,47.548573,47.952858,41.625027,80738700
7/1/2011,47.992859,49.07143,47.742859,49.037144,42.566242,108828300
7/5/2011,49,49.975716,48.92857,49.918571,43.331356,88763500
7/6/2011,49.849998,50.585712,49.529999,50.251427,43.620285,111156500
7/7/2011,50.667141,51.142857,50.57143,51.028572,44.29488,99915900
7/8/2011,50.477142,51.42857,50.314285,51.387142,44.606133,122408300
7/11/2011,50.905716,51.395714,50.402859,50.57143,43.898079,110668600
7/12/2011,50.504284,51.097141,49.802856,50.535713,43.867054,112902300
7/13/2011,51.189999,51.42857,50.91143,51.145714,44.396561,97909700
7/14/2011,51.572857,51.658573,50.905716,51.110001,44.365566,107633400
7/15/2011,51.595715,52.142857,51.310001,52.131428,45.252216,121116800
7/18/2011,52.204285,53.521427,52.182858,53.400002,46.353371,143163300
7/19/2011,54,54.092857,53.331429,53.835712,46.731598,204786400
7/20/2011,56.58857,56.610001,55.142857,55.271427,47.977856,235335100
7/21/2011,55.278572,55.722858,54.842857,55.327145,48.026226,131633600
7/22/2011,55.474285,56.435715,55.392857,56.185715,48.771503,129182200
7/25/2011,55.764286,57.142857,55.66,56.92857,49.416325,147451500
7/26/2011,57.142857,57.785713,57.097141,57.630001,50.025188,119145600
7/27/2011,57.227142,57.52,56.021427,56.084286,48.683449,164831100
7/28/2011,55.945713,56.712856,55.447144,55.974285,48.587967,148508500
7/29/2011,55.377144,56.450001,54.857143,55.782856,48.421799,158146100
8/1/2011,56.825714,57.07143,56.052856,56.67857,49.199318,153209000
8/2/2011,56.807144,56.842857,55.478573,55.558571,48.227108,159884900
8/3/2011,55.854286,56.221428,54.605713,56.081429,48.680962,183127000
8/4/2011,55.630001,55.902859,53.907143,53.91,46.796078,217851900
8/5/2011,54.348572,54.785713,51.795715,53.374287,46.331059,301147700
8/8/2011,51.669998,52.53857,50.431427,50.458572,43.80011,285958400
8/9/2011,51.614285,53.515713,50.714287,53.43,46.379433,270645900
8/10/2011,53.021427,53.521427,51.785713,51.955715,45.099674,219664200
8/11/2011,52.931427,53.635715,52.102856,53.385715,46.340988,185492300
8/12/2011,54.009998,54.234287,53.46143,53.855713,46.748955,132244000
8/15/2011,54.232857,54.995716,54.012856,54.772858,47.545071,115136000
8/16/2011,54.502857,54.767143,53.722858,54.354286,47.181747,124687500
8/17/2011,54.615715,54.931427,54,54.348572,47.176781,110515300
8/18/2011,52.977142,53.235714,51.624287,52.292858,45.39233,212858800
8/19/2011,51.738571,52.42857,50.857143,50.861427,44.149811,193972100
8/22/2011,52.072857,52.125713,50.727142,50.919998,44.20063,133828800
8/23/2011,51.471428,53.377144,51,53.371429,46.328583,164208800
8/24/2011,53.352856,54.137142,52.942856,53.740002,46.648514,156566900
8/25/2011,52.154285,53.635715,52.142857,53.388573,46.34346,217836500
8/26/2011,53.024284,54.828571,52.971428,54.797142,47.566154,160369300
8/29/2011,55.454285,55.92857,55.42857,55.709999,48.358555,101317300
8/30/2011,55.464287,55.977142,55.172855,55.712856,48.361027,104480600
8/31/2011,55.795715,56.011429,54.55143,54.975716,47.721169,130646600
9/1/2011,55.117142,55.334286,54.388573,54.432858,47.249947,85931300
9/2/2011,53.534286,54,53.118572,53.435715,46.38438,109734800
9/6/2011,52.48143,54.332859,52.354286,54.248573,47.08997,127424500
9/7/2011,55.080002,55.085712,54.57143,54.847141,47.609558,87644200
9/8/2011,54.628571,55.515713,54.615715,54.877144,47.635601,104039600
9/9/2011,54.847141,55.142857,53.574287,53.925713,46.809719,141203300
9/12/2011,53.285713,54.41143,53.128571,54.277142,47.114777,116958100
9/13/2011,54.591427,55.172855,54.32143,54.945713,47.695129,110140100
9/14/2011,55.28857,56.029999,55.10857,55.614285,48.275471,133681100
9/15/2011,55.918571,56.237144,55.700001,56.137142,48.729343,104454700
9/16/2011,56.505714,57.214287,56.432858,57.214287,49.664333,174628300
9/19/2011,56.714287,59.032856,56.457142,58.804287,51.044514,205965200
9/20/2011,59.32143,60.408573,58.741428,59.064285,51.270206,193938500
9/21/2011,59.94857,60.227142,58.857143,58.877144,51.107769,151494000
9/22/2011,57.290001,58.545715,56.671429,57.402859,49.82803,242120200
9/23/2011,57.182858,58.105713,57.121429,57.757141,50.135559,136569300
9/26/2011,57.122856,57.71143,55.900002,57.595715,49.995438,203219100
9/27/2011,58.389999,58.464287,56.865715,57.037144,49.510563,158124400
9/28/2011,57.169998,57.677143,56.644287,56.715714,49.231552,107409400
9/29/2011,57.417141,57.458572,55.172855,55.795715,48.432957,162771700
9/30/2011,55.302856,55.555714,54.454285,54.474285,47.285904,136910200
10/3/2011,54.33857,54.662857,53.310001,53.514286,46.452591,167274800
10/4/2011,53.509998,54.542858,50.605713,53.214287,46.192177,308419300
10/5/2011,52.55143,54.259998,51.471428,54.035713,46.905209,196617400
10/6/2011,53.332859,54.968571,53.114285,53.91,46.796078,203145600
10/7/2011,53.682858,53.962856,52.64143,52.828571,45.857357,133864500
10/10/2011,54.155716,55.544285,54.029999,55.544285,48.21471,110628700
10/11/2011,56.081429,57.597141,55.92857,57.184284,49.638298,151421900
10/12/2011,58.191429,58.464287,57.162857,57.455715,49.873898,155571500
10/13/2011,57.854286,58.347141,57.549999,58.347141,50.647697,106546300
10/14/2011,59.547142,60.285713,59.324287,60.285713,52.33046,143341800
10/17/2011,60.248573,60.957142,59.419998,59.998573,52.081215,171511200
10/18/2011,60.251427,60.687141,59.427143,60.32,52.360218,220400600
10/19/2011,57.335712,58.345715,56.828571,56.945713,49.431206,276014900
10/20/2011,57.142857,57.192856,56.315716,56.472858,49.020737,137317600
10/21/2011,56.871429,57.02,55.82143,56.124287,48.718178,155311100
10/24/2011,56.597141,58.07143,56.485714,57.967144,50.317844,125534500
10/25/2011,57.861427,58.078571,56.76857,56.824287,49.325802,107606800
10/26/2011,57.394287,57.507141,56.164288,57.228573,49.676746,114076200
10/27/2011,58.222858,58.42857,57.412857,57.812859,50.183929,123666200
10/28/2011,57.57143,58.049999,57.501427,57.849998,50.216164,80710700
10/31/2011,57.488571,58.475716,57.292858,57.825714,50.195084,96375300
11/1/2011,56.772858,57.07143,56.174286,56.644287,49.169544,132947500
11/2/2011,57.155716,57.205715,56.444286,56.772858,49.281162,81837700
11/3/2011,57.009998,57.628571,56.48,57.581429,49.983025,110346600
11/4/2011,57.432858,57.634285,57.022858,57.177143,49.632099,75557300
11/7/2011,57.130001,57.142857,56.59,57.104286,49.568848,67568900
11/8/2011,57.458572,58.285713,57.365715,58.032856,50.374889,100110500
11/9/2011,56.709999,57.27,56.318573,56.468571,49.017017,139671000
11/10/2011,56.718571,56.744286,54.592857,55.031429,47.76952,186188100
11/11/2011,55.23,55.528572,54.322857,54.945713,47.695129,163446500
11/14/2011,54.78857,55.035713,54.028572,54.18,47.030453,108226300
11/15/2011,54.400002,55.642857,54.207142,55.547142,48.21719,107702700
11/16/2011,55.607143,55.877144,54.902859,54.967144,47.713711,87302600
11/17/2011,54.854286,54.939999,53.642857,53.915714,46.801037,119975100
11/18/2011,54.131428,54.284286,53.554287,53.562859,46.494747,92984500
11/21/2011,52.914288,53.097141,52.272858,52.715714,45.759399,111995100
11/22/2011,53.002857,53.990002,52.991428,53.787144,46.689438,102255300
11/23/2011,53.501427,53.691429,52.41143,52.427143,45.5089,107067800
11/25/2011,52.631428,53.021427,51.902859,51.938572,45.084801,63690200
11/28/2011,53.192856,53.817142,52.904285,53.73143,46.641071,86603300
11/29/2011,53.691429,54.118572,52.885715,53.314285,46.278976,93963800
11/30/2011,54.470001,54.611427,54.042858,54.599998,47.395027,101484600
12/1/2011,54.648571,55.57143,54.392857,55.418571,48.105583,96795300
12/2/2011,55.689999,56.232857,55.511429,55.671429,48.325073,94763900
12/5/2011,56.212856,56.630001,55.77,56.144287,48.735531,89302500
12/6/2011,56.072857,56.375713,55.625713,55.849998,48.480083,70899500
12/7/2011,55.704285,55.848572,55.251427,55.584286,48.249424,76186600
12/8/2011,55.921429,56.5,55.747143,55.808571,48.444118,94089100
12/9/2011,56.121429,56.291428,55.861427,56.23143,48.81118,74248300
12/12/2011,55.954285,56.271427,55.635715,55.977142,48.590443,75266800
12/13/2011,56.142857,56.485714,55.299999,55.544285,48.21471,84732200
12/14/2011,55.242859,55.34,53.954285,54.312859,47.145782,101721900
12/15/2011,54.761429,54.82,54.044285,54.134285,46.990784,64050000
12/16/2011,54.337143,54.878571,54.224285,54.431427,47.248707,105369600
12/19/2011,54.638573,54.978573,54.354286,54.601429,47.396271,58882600
12/20/2011,55.394287,56.585712,55.322857,56.564285,49.100113,84303800
12/21/2011,56.669998,56.757141,56.001427,56.635715,49.162125,65737000
12/22/2011,56.714287,57.01857,56.585712,56.935715,49.422523,50589700
12/23/2011,57.098572,57.655716,57.07,57.618572,50.015266,67349800
12/27/2011,57.585712,58.441429,57.574287,58.075714,50.412094,66269000
12/28/2011,58.127144,58.32143,57.334286,57.52,49.929707,57165500
12/29/2011,57.628571,57.950001,57.215714,57.874287,50.237251,53994500
12/30/2011,57.644287,58.040001,57.64143,57.857143,50.222366,44915500
